,,Top Profiable Production Houses,,,,,,,,,,,,,,,,
,Columbia Pictures,,,,Marvel Studios,,,,Universal P,,ictures,Measure Names,,,,,,
,,,,,,,,,,,,Movie Financial Summary Production Budget,,,,,,
,,,,,,,,,,,59.69%,Profit,,,,,,
3000M,,,,,,,,,,,3000M,,,,,,,
2800M,,,,,,,,,,,2800M,,,,,,,
2600M,,,,,,,,,,,2600M,,,,,,,
2400M,,,,,,,,,,,2400M,,,,,,,
2200M,,,,,,,,,,,2200M,,,,,,,
,,,,,,,,,,40.10%,,,,,,,,
2000M,,,,,,,,,,,2000M,,,,,,,
ge,t,,,,,,,,,,,,,,,,,
1800M,,,,,,,,,,,1800M,,,,,,,
 B,ud,on,,,,9.28%,,,,,,,,,,,,
ct i,ro,du,1600M,,,,,,,,1600M,,,,,,,
 P,ry,,,,,,,,,,,,,,,,,
,,,,,8.30%,,7.61%,,,,,t,of i,um,ma,Pr,1400M,1400M
l S,ci a,an,1200M,,,,,,,,1200M,,,,,,,
in, F,Mo,vi e,,,,,,,,,,,,,,,
1000M,,,,,,,,,,,1000M,,,,,,,
,,11.53%,,,,,,,,,,,,,,,,
800M,,,,,,,,,,,800M,,,,,,,
,10.51%,,,,,,,,,,,,,,,,,
600M,,,,,,,,,,,600M,,,,,,,
,,,,,,,,,8.08%,,,,,,,,,
400M,,8.14%,,,,,,,,7.8,5%,400M,,,,,,
,,,5.63%,,,,,,,,,,,,,,,
,3.74%,,,,2.00%,,,,,,,,,,,,,
200M,,,,,,,,,,,200M,,,,,,,
,,,2.06%,,,,,,,,,,,,,,,
0M,,,,,,,,,,,0M,,,,,,,
-200M,,,,,,,,,,,-200M,,,,,,,
,2010 2011 2012 2013 2014 2015,,,,2011 2013 2014 2015,,,,2010 2012,,,,,,,,,
,,,Top Profiable Production Houses,,,,,,,,,,,,,
Universa,,l Pictures,Unknown Production House,,,,Walt Disney Pictures,,,Measure Names,,,,,,
,,,,,,,,,,Movie Financial Summary Production Budget,,,,,,
,,59.69%,,,,,,,,Profit,,,,,,
,3000M,,,,,,,,,3000M,,,,,,
,2800M,,,,,,,,,2800M,,,,,,
,2600M,,,,,,,,,2600M,,,,,,
,2400M,,,,,,,,,2400M,,,,,,
,2200M,,,,,,,,,2200M,,,,,,
,40.10%,,,,,,,,,,,,,,,
,,,,,,,11.12%,,,,,,,,,
,2000M,,,,,,,,,2000M,,,,,,
ge,t, B,ud,1800M,,,,,,1800M,,,,,,
on,du,ct i,,,,,,,,,,,,,,
,,,34.26%,,,,,,,,,,,,,
ro,,,,,,,,,,,,,,,,
,1600M,,,,,,,,,1600M,,,,,,
 P,ry,,,,,,,,,of i,t,um,ma,Pr,1400M,1400M
l S,ci a,in,an,1200M,,,,,,1200M,,,,,,
vi e, F,Mo,,,,,,,,,,,,,,
,1000M,,,,,,,,,1000M,,,,,,
,800M,,,,,,,,,800M,,,,,,
,600M,,,,,,,,,600M,,,,,,
8.08%,,,,,,,,,,,,,,,,
,400M,7.8,5%,,,,,,,400M,,,,,,
,,,,15.29%,,,,,1.39%,,,,,,,
,200M,,,,26.50%,,,,,200M,,,,,,
,,,5.31%,16.20%,,,,,,,,,,,,
,0M,,,,3.71%,,,1.40%,0,93%,0M,,,,,
,,,,,,,-0.74%,,,,,,,,,
,-200M,,,,,,,,,-200M,,,,,,
,,2013 2015,2010 2011 2012 2013 2014 2015,,,,2010 2011 2012 2013,,,,,,,,,
,,Top Profiable Production Houses,,,,,,,,,,
Walt Disney Pict,ures,Warner Bros.,,,,Measure Names,,,,,,
,,,,,,Movie Financial Summary Production Budget,,,,,,
,,,,,,Profit,,,,,,
3000M,,,,,,3000M,,,,,,
2800M,,,,,,2800M,,,,,,
2600M,,,,,,2600M,,,,,,
2400M,,,,,,2400M,,,,,,
2200M,,,,,,2200M,,,,,,
2000M,,,,,,2000M,,,,,,
ge,t,,,,,,,,,,,
1800M,,,,,,1800M,,,,,,
 B,ud,,,,,,,,,,,
,,,12.55%,,,,,,,,,
ct i,on,ro,du,1600M,,1600M,,,,,,
ry, P,ma,,,,t,of i,,,,,
1400M,,,,,,1400M,,,,,,
um,,,,,,Pr,ci a,l S,in,an,1200M,1200M
 F,Mo,vi e,,,,,,,,,,
1000M,,6.64%,,,,1000M,,,,,,
800M,,,,,,800M,,,,,,
600M,,,,,,600M,,,,,,
400M,,,,,,400M,,,,,,
1.39%,,,,,,,,,,,,
200M,,,,1.05%,,200M,,,,,,
,,3.75%,,,,,,,,,,
0M 0.,93%,,,,,,,,,,,
,,0.51%,,,,0M,,,,,,
,,,,0.42%,,,,,,,,
-200M,,,,,,-200M,,,,,,
,,2010 2011 2012 2013 2014 2015,,,,,,,,,,
,Trending Genres - Action,,
,Movie Production Company Display Name,% of Total Profit,
Universal Pictures,Marvel Studios,20th Century Fox,59.67%
,,,70.00%
,,,80.00%
,21.71%,,90.00%
,35.09%,28.61%,100.00%
44.26%,31.06%,,
,,Genre,
,78.29%,Action,
,,Adventure,
,,Comedy,
International Box,
Office Revenues,
Movie,
Production,
Company Displ..,
20th Century Fox,65.42%
Marvel Studios,65.22%
Universal,
,60.74%
Pictures,
Best Quarter,
,Quarter
,1
,2
,3
,4
1,2
4,
3,
,Best Quarter,
,,Quarter
,,1
,,2
,,3
,,4
1,2,
4,,
3,,
Warner Bros. Directors,,
Year of Movie..,Director,
2014,Doug Liman,1
2015,Andy Wachowski,1
,Joe Wright,1
,Scott Cooper,1
,,,,,,,Director History,,,,,,,,,
,,,,,,,,,,,,,,,,Profit
900M,,,,,,,,,,,,,,,,
,,,,,,,,,,,,,,,,"-26,605,538"
,,,,,,,,,,,,,,,,"200,000,000"
850M,,,,,,,,,,,,,,,,
,,,,,,,,,,,,,,,,"400,000,000"
,,,,,,,,,,,,,,,,"600,000,000"
800M,,,,,,,,,,,,,,,,"865,866,038"
,,,,,,,,,,,,,,,,Director
750M,,,,,,,,,,,,,,,,
,,,,,,,,,,,,,,,,Andy Wachowski
,,,,,,,,,,,,,,,,Doug Liman
700M,,,,,,,,,,,,,,,,Scott Cooper
650M,,,,,,,,,,,,,,,,
600M,,,,,,,,,,,,,,,,
550M,,,,,,,,,,,,,,,,
500M,,,,,,,,,,,,,,,,
450M,,,,,,,,,,,,,,,,
fi t,Pr o,,,,,,,,,,,,,,,
400M,,,,,,,,,,,,,,,,
350M,,,,,,,,,,,,,,,,
300M,,,,,,,,,,,,,,,,
250M,,,,,,,,,,,,,,,,
200M,,,,,,,,,,,,,,,,
150M,,,,,,,,,,,,,,,,
100M,,,,,,,,,,,,,,,,
50M,,,,,,,,,,,,,,,,
0M,,,,,,,,,,,,,,,,
-50M,,,,,,,,,,,,,,,,
,2002,2003,2004,2005,2006,2007,2008,2009,2010,2011,2012,2013,2014,2015,,
,,,,,,,Year of Movie Theatrical Release Release Date,,,,,,,,,
Warner Bros. VS DreamWorks Animation,,,,
Year of Mov..,Quarter of .. Movie Production Compan..,,,warnerVSDreams
2010,Q1,DreamWorks Animation,,Null
,,Warner Bros.,,image
,Q2,DreamWorks Animation,,
,Q3,DreamWorks,,
,Q4,DreamWorks Animation,,
2011,Q1,Warner Bros.,,
2012,Q3,Warner Bros.,,
,Q4,DreamWorks Animation,,
,,Warner Bros.,,
2013,Q1,Dreamworks Animation,,
,,Warner Bros.,,
,Q2,Warner Bros.,,
,Q3,DreamWorks Animation,,
,,Warner Bros.,,
,Q4,Warner Bros.,,
2014,Q2,DreamWorks Animation,,
,,Warner Bros.,,
,Q4,DreamWorks Animation,,
2015,Q1,DreamWorks Animation,,
,,Warner Bros.,,
,Q3,Warner Bros.,,
,,,,,,,,,,,,Top Profiable Production Houses,,,,,,,,,,,,,,,,,,,Quarter,,,,,
,,,,,,,,,,,,,,,,,,,,,,,,,,,,,,,1,,,,,
,,Columbia Pictures,,,,,Marvel Studios,,,Universal Pictures,,,,,Unknown Production House,,,,,,Walt Disney Pictures,,,,,,Warner Bros.,,,,,,,,,
,,,,,,,,,,,,,,,,,,,,,,,,,,,,,,,2,,,,,
,,,,,,,,,,,,,59.69%,,,,,,,,,,,,,,,,,,,,,,,
3000M,,,,,,,,,,,,,,,,,,,,,,,,,,,,,,,3000M,3,,,,
,,,,,,,,,,,,,,,,,,,,,,,,,,,,,,,4,,,,,
,,,,,,,,,,,,,,,,,,,,,,,,,,,,,,,Genre,,,,,
2500M,,,,,,,,,,,,,,,,,,,,,,,,,,,,,,,2500M,Action,,,,
,,,,,,,,,,,,,,,,,,,,,,,,,,,,,,,Adventure,,,,,
t,,,,,,,,,,,,,,,,,,,,,,,,,,,,,,,,,,,,
,,,,,,,,,,,40.10%,,,,,,,,,11.12%,,,,,,,,,,,Comedy,,,,,
ud,ge,,,,,,,,,,,,,,,,,,,,,,,,,,,,,,,,,,,
2000M,,,,,,,,,,,,,,,,,,,,,,,,,,,,,,,2000M,,,,,
 B,ct i,on,,,,,,,,,,,,,,,,,,,,,,,,,,,,,,,,,,
,,,,,,,,,,,,,,,,,,,,,,,,,,,,12.55%,,,,,,,,
ro,du,,,,,,,9.28%,,,,,,,,,,,,,,,,,,,,,,,,,,,,
 P,,,,,,,,,,,,,,,,,,,,,,,,,,,,,,,,,,,,
,,,,,,,,,,,,,,34.26%,,,,,,,,,,,,,,,,,,,,,,
,,,,,,8.30%,,,,,,,,,,,,,,,,,,,,,,,,,,,,,,
ma,ry,1500M,,,,,,,7.61%,,,,,,,,,,,,,,,,,,,,,,1500M,fi t,um,Pr o,l S,ci a
,,,,,,,,,,,,,,,,,,,,,,,,,,6.64%,,,,,,,,,,
in,an,,,,,,,,,,,,,,,,,,,,,,,,,,,,,,,,,,,
1000M,,,,,,,,,,,,,,,,,,,,,,,,,,,,,,,1000M,,,,,
,,,11.53%,,,,,,,,,,,,,,,,,,,,,,,,,,,,,,,,,
vi e, F,,,,,,,,,,,,,,,,,,,,,,,,,,,,,,,,,,,
,10.51%,,,,,,,,,,,,,,,,,,,,,,,,,,,,,,,,,,,
Mo,,,,,,,,,,8.08%,,,,,,,,,,,,,,,,,,,,,,,,,,
500M,,,,,,,,,,,,,,,,,,,,,,,,,,,,,,,500M,,,,,
,,8.14%,,,,,,,,,7.85%,,,,,15.29%,,,,,,,1.39%,,,,,,,,,,,,,
,,,,,,2.00%,,,,,,,,,,,,,26.50%,,,,,,,,,,,,,,,,,
,3.74%,,5.63%,,,,,,,,,,,,,,,,,,,,,,,,,,,,,,,,,
,,,,,,,,,,,,,,5.31%,,,,,,,,,,,,3.75%,,1.05%,,,,,,,,
0M,,,,,2.06%,,,,,,,,,,,16.20%,,,,,,,,,,,,,,,,,,,,
,,,,,,,,,,,,,,,,,,3.71%,,,,1.40%,,0.93%,,,,,,,0M,,,,,
,,,,,,,,,,,,,,,,,,,,,,,,,0.51%,,,,,0.42%,,,,,,
,,,,,,,,,,,,,,,,,,,,-0.74%,,,,,,,,,,,,,,,,
,2010,2011,2012,2013,2014,2015,2011,2013,2014,2015,2010,2012,2013,2015,2010,2011,2012,2013,2014,2015,2010,2011,2012,2013,2014,2010,2011,2012,2013,2014,2015,,,,,
,,,Best Quarter,,,,,,,,International Box Office Revenues,,,,,,,,,,,,Trending Genres - Action,,,,,,,,,,,,,
,,,,,,,,,Movie,,,,,,,,,,,,,,Movie Production Company Display Name,,,,,,,,,,,,,
,,,,,,,,,Production,,,,,,,,,,,Universal Pictures,,,,Marvel Studios,,,,,20th Century Fox,,,,,,,
,,,,,,,,,Company Displ..,,,,,,,,,,,,,,,,,,,,,,,,,,,
,,,,,,,,,20th Century Fox,,,,,65.42%,,,,,,,,,,,,,,,,,,,,,,
,,1,,,,2,,,,,,,,,,,,,,,,,,,,,,,,,,,,,,
,,,,,,,,,,,,,,,,,,,,,,,21.71%,,,,,,,,,,,,,
,,,,,,,,,,,,,,,,,,,,,,35.09%,,,,,,,,,,,,,,
,,,,,,,,,,,,,,,,,,,,,,,,,,,,,,,28.61%,,,,,
,4,,,,,,,,Marvel Studios,,,,,65.22%,,,,,,,,,,,,,,31.06%,,,,,,,,
,,,,,,,,,,,,,,,,,,,44.26%,,,,,,,,,,,,,,,,,
,,,,,,,,,,,,,,,,,,,,,,,,,,78.29%,,,,,,,,,,
,,,3,,,,,,,,,,,,,,,,,,,,,,,,,,,,,,,,,
,,,,,,,,,Universal,,,,,,,,,,,,,,,,,,,,,,,,,,,
,,,,,,,,,,,,,,60.74%,,,,,,,,,,,,,,,,,,,,,,
,,,,,,,,,Pictures,,,,,,,,,,,,,,,,,,,,,,,,,,,
,,Warner Bros. VS DreamWorks Animation,,,,,Warner Bros. Directors,,,,,Director
,,,,,,,,,,,,Andy Wachowski
Year of Mov..,Quarter of .. Movie Production Compan..,,,Year of Movie.. Director,,,,,,,,Doug Liman
2010,Q1,DreamWorks Animation,,,,,,,,,,Scott Cooper
,,,,2014,Doug Liman,,,,,,1,
,,Warner Bros.,,,,,,,,,,
,Q2,DreamWorks Animation,,2015,Andy Wachowski,,,,,,1,
,Q3,DreamWorks,,,,,,,,,,
,,,,,Joe Wright,,,,,,1,
,Q4,DreamWorks Animation,,,,,,,,,,
2011,Q1,Warner Bros.,,,,,,,,,,
,,,,,Scott Cooper,,,,,,1,
2012,Q3,Warner Bros.,,,,,,,,,,
,,,,,,,,Director History,,,,
,Q4,DreamWorks Animation,,,,,,,,,,
,,,,900M,,,,,,,,
,,Warner Bros.,,,,,,,,,,
,,,,800M,,,,,,,,
2013,Q1,Dreamworks Animation,,,,,,,,,,
,,Warner Bros.,,700M,,,,,,,,
,Q2,Warner Bros.,,,,,,,,,,
,,,,600M,,,,,,,,
,Q3,DreamWorks Animation,,,,,,,,,,
,,,,500M,,,,,,,,
,,Warner Bros.,,,,,,,,,,
,,,,Pr o,fi t,,,,,,,
,,,,400M,,,,,,,,
,Q4,Warner Bros.,,,,,,,,,,
2014,Q2,DreamWorks Animation,,300M,,,,,,,,
,,Warner Bros.,,,,,,,,,,
,,,,200M,,,,,,,,
,Q4,DreamWorks Animation,,,,,,,,,,
,,,,100M,,,,,,,,
2015,Q1,DreamWorks Animation,,,,,,,,,,
,,,,0M,,,,,,,,
,,Warner Bros.,,,,,,,,,,
,Q3,Warner Bros.,,,2003,2005,2007,2009,2011,2013,2015,
,,,,,,,Year of Movie Theatrical Release Release Date,,,,,
,,,,,,,,,,,,Profitable Actor,,,,,,,,,,,,,,,,,,
,,,,,,,,,,,,,,,,,,,,,,,,,,,,,Nominee,
,,,,,,,,,,,,,,,,,,,,,,,,,,,,,Brad Pitt,
Nominee,,,,,,,,,,,,,,,,,,,,,,,,,,,,,,
Brad Pitt,,,,,,,,,,,13.56%,,,,,,,,,,,,,,,,,,Christian Bale,
Christian Bale,,,,,,,,,6.43%,,,,,,,,,,,,,,,,,,,,Elijah Wood,
Elijah Wood,,,,,,,,,,,,,,,28.00%,,,,,,,,,,,,,,Johnny Depp,
Johnny Depp,,,,,,,,,,,,,,,,15.86%,,,,,,,,,,,,,Leonardo DiCaprio,
Leonardo DiCaprio,,,,,,7.28%,,,,,,,,,,,,,,,,,,,,,,,Matthew McConaughey,
Matthew McConaug..,,,,,16.45%,,,,,,,,,,,,,,,,,,,,,,,,"Robert Downey, Jr.",
"Robert Downey, Jr.",,,,,,,,,,,,11.33%,,,,,,,,,,,,,,,,,,
,0M,200M,400M,600M,800M,1000M,1200M,1400M,1600M,1800M,2000M,2200M,2400M,2600M,2800M,3000M,3200M,3400M,3600M,3800M,4000M,4200M,4400M,4600M,4800M,5000M,5200M,5400M,5600M,5800M
,,,,,,,,,,,,,,Revenues,,,,,,,,,,,,,,,,
,,,,,,,,,,,,Profitable Actress,,,,,,,,,,,,,,,,,
,,,,,,,,,,,,,,,,,,,,,,,,,,,,Nominee,
,,,,,,,,,,,,,,,,,,,,,,,,,,,,Halle Berry,
Nominee,,,,,,,,,,,,,,,,,,,,,,,,,,,,,
Halle Berry,6.47%,,,,,,,,,,,,,,,,,,,,,,,,,,,Jennifer Lawrence,
Jennifer Lawrence,,,,,,,,,,,,18.89%,,,,,,,,,,,,,,,,Julia Roberts,
Julia Roberts,,,,4.65%,,,,,,,,,,,,,,,,,,,,,,,,Julianne Moore,
Julianne Moore,7.34%,,,,,,,,,,,,,,,,,,,,,,,,,,,Natalie Portman,
Natalie Portman,,,,,,,,,,,,34.28%,,,,,,,,,,,,,,,,Penelope Cruz,
Penelope Cruz,,7.95%,,,,,,,,,,,,,,,,,,,,,,,,,,Sandra Bullock,
Sandra Bullock,,,,,,,,,13.60%,,,,,,,,,,,,,,,,,,,,
,0M,100M,200M,300M,400M,500M,600M,700M,800M,900M,1000M,1100M,1200M,1300M,1400M,1500M,1600M,1700M,1800M,1900M,2000M,2100M,2200M,2300M,2400M,2500M,2600M,2700M,2800M
,,,,,,,,,,,,,,Revenues,,,,,,,,,,,,,,,
Awards-Actor,,,
Nominee,,,diaplay 3 oscars
,,,Null
Brad Pitt,,,
,,,display 1st oscar
,,,Null
,,,image
Christian Bale,,,
,,,diaplay 2 oscars
,,,Null
Elijah Wood,,,
Johnny Depp,,,
Leonardo DiCaprio,,,
Matthew McConaughey,,,
"Robert Downey, Jr.",,,
Awards-Actress,,
Nominee,,display 1st oscar
,,image
Angelina Jolie,,
,,diaplay 2 oscars
,,Null
,,image
Anne Hathaway,,
Halle Berry,,
Jennifer Lawrence,,
Julia Roberts,,
Julianne Moore,,
Natalie Portman,,
Penelope Cruz,,
Sandra Bullock,,
,,,,Profitable Actor,,,,,,,,,,,,,Profitable Actress,,,,,,,,,,
Nominee,,,,,,,,,,,Nominee,,,,,,,,,,,,,,,,
Brad Pitt,,,,13.56%,,,,,,,Halle Berry,,6.47%,,,,,,,,,,,,,,
Christian Bale,,,,6.43%,,,,,,,Jennifer Lawrence,,,,,,,18.89%,,,,,,,,,
Elijah Wood,,,,,,28.00%,,,,,Julia Roberts,,,4.65%,,,,,,,,,,,,,
Johnny Depp,,,,,,15.86%,,,,,Julianne Moore,7.34%,,,,,,,,,,,,,,,
Leonardo DiCaprio,,7.28%,,,,,,,,,Natalie Portman,,,,,,,34.28%,,,,,,,,,
Matthew,,,,,,,,,,,,,,,,,,,,,,,,,,,
,,16.45%,,,,,,,,,,,,,,,,,,,,,,,,,
McConaughey,,,,,,,,,,,Penelope Cruz,,7.95%,,,,,,,,,,,,,,
"Robert Downey, Jr.",,,,,11.33%,,,,,,Sandra Bullock,,,,,,13.60%,,,,,,,,,,
,0M,500M,1000M,1500M,2000M,2500M,3000M,3500M,4000M,4500M,5000M,5500M,0M,200M,400M,600M,800M,1000M,1200M,1400M,1600M,1800M,2000M,2200M,2400M,2600M,2800M
,,,,,Revenues,,,,,,,,,,,,,,Revenues,,,,,,,,
,,,,Awards-Actor,,,,,,,,,,,,,Awards-Actress,,,,,,,,,,
Nominee,,,,,,,,,,,Nominee,,,,,,,,,,,,,,,,
Brad Pitt,,,,,,,,,,,Angelina Jolie,,,,,,,,,,,,,,,,
,,,,,,,,,,,Anne Hathaway,,,,,,,,,,,,,,,,
Christian Bale,,,,,,,,,,,,,,,,,,,,,,,,,,,
,,,,,,,,,,,Halle Berry,,,,,,,,,,,,,,,,
Elijah Wood,,,,,,,,,,,,,,,,,,,,,,,,,,,
,,,,,,,,,,,Jennifer Lawrence,,,,,,,,,,,,,,,,
Johnny Depp,,,,,,,,,,,Julia Roberts,,,,,,,,,,,,,,,,
,,,,,,,,,,,Julianne Moore,,,,,,,,,,,,,,,,
Leonardo DiCaprio,,,,,,,,,,,,,,,,,,,,,,,,,,,
,,,,,,,,,,,Natalie Portman,,,,,,,,,,,,,,,,
Matthew McConaughey,,,,,,,,,,,,,,,,,,,,,,,,,,,
,,,,,,,,,,,Penelope Cruz,,,,,,,,,,,,,,,,
"Robert Downey, Jr.",,,,,,,,,,,,,,,,,,,,,,,,,,,
,,,,,,,,,,,Sandra Bullock,,,,,,,,,,,,,,,,
,,,Trend Analysis of Generes,,,,,,
,,,,Year (bin),,,Genre,,
Genre,,,,2001,,,2004,Action,
,,,,,,,Adventure,,
,,,,,,,Comedy,,
,400M,,,,,,Thriller/Suspense,,
,re,sG,en,,,,,,
Action,os,cr,,,,,,,
,200M,,,,,,,,
,of i,tA,Pr,,,,,,
,0M,,,,,,,,
,400M,,,,,,,,
,en,re,sG,,,,,,
Adventure,os,tA,cr,,,,,,
,200M,,,,,,,,
,of i,Pr,,,,,,,
,0M,,,,,,,,
,400M,,,,,,,,
,re,sG,en,cr,os,Comedy,,,
,of i,tA,Pr,,,,,,
,200M,,,,,,,,
,0M,,,,,,,,
,400M,,,,,,,,
,re,en,os,sG,cr,,,,
Thriller/Suspe..,,,,,,,,,
,tA,Pr,of i,,,,,,
,200M,,,,,,,,
,0M,,,,,,,,
,,0,1,2,3,4,5,0,0
,,,Quarter Released,,,,,,
,,,Trend Analysis of Generes,,,,,,
,,,,Year (bin),,,Genre,,
Genre,2001,,,2004,,,2007,Action,
,,,,,,,Adventure,,
,,,,,,,Comedy,,
,400M,,,,,,Thriller/Suspense,,
,re,sG,en,,,,,,
Action,os,cr,,,,,,,
,200M,,,,,,,,
,of i,tA,Pr,,,,,,
,0M,,,,,,,,
,400M,,,,,,,,
,re,en,os,sG,,,,,
Adventure,,,,,,,,,
,cr,,,,,,,,
,200M,tA,Pr,of i,,,,,
,0M,,,,,,,,
,400M,,,,,,,,
,en,re,os,sG,,,,,
Comedy,,,,,,,,,
,tA,cr,Pr,of i,,,,,
,200M,,,,,,,,
,0M,,,,,,,,
,400M,,,,,,,,
,re,en,os,sG,cr,,,,
Thriller/Suspe..,,,,,,,,,
,tA,of i,Pr,,,,,,
,200M,,,,,,,,
,0M,,,,,,,,
0,,0,1,2,3,4,5,0,0
Quarter Released,,,Quarter Released,,,,,,
,,,Trend Analysis of Generes,,,,,,
,,,,Year (bin),,,Genre,,
Genre,2004,,,2007,,,2010,Action,
,,,,,,,Adventure,,
,,,,,,,Comedy,,
,400M,,,,,,Thriller/Suspense,,
,re,sG,en,,,,,,
Action,os,cr,,,,,,,
,200M,,,,,,,,
,of i,tA,Pr,,,,,,
,0M,,,,,,,,
,400M,,,,,,,,
,en,re,sG,,,,,,
Adventure,os,cr,,,,,,,
,200M,,,,,,,,
,of i,tA,Pr,,,,,,
,0M,,,,,,,,
,400M,,,,,,,,
,re,en,os,sG,cr,,,,
Comedy,,,,,,,,,
,tA,of i,Pr,,,,,,
,200M,,,,,,,,
,0M,,,,,,,,
,400M,,,,,,,,
,re,en,os,sG,cr,,,,
Thriller/Suspe..,,,,,,,,,
,tA,Pr,of i,,,,,,
,200M,,,,,,,,
,0M,,,,,,,,
0,,0,1,2,3,4,5,0,0
,,,Quarter Released,,,,,,
,,,Trend Analysis of Generes,,,,,
,,,,Year (bin),,,Genre,
Genre,2007,,,2010,,,2013,Action
,,,,,,,Adventure,
,,,,,,,Comedy,
,400M,,,,,,Thriller/Suspense,
,re,sG,en,,,,,
Action,os,cr,,,,,,
,200M,,,,,,,
,of i,tA,Pr,,,,,
,0M,,,,,,,
,400M,,,,,,,
,en,re,sG,,,,,
Adventure,,,,,,,,
,cr,os,of i,,,,,
,200M,tA,Pr,,,,,
,0M,,,,,,,
,400M,,,,,,,
,re,sG,en,cr,os,Comedy,,
,of i,tA,Pr,,,,,
,200M,,,,,,,
,0M,,,,,,,
,400M,,,,,,,
,re,en,os,sG,cr,,,
Thriller/Suspe..,,,,,,,,
,tA,Pr,of i,,,,,
,200M,,,,,,,
,0M,,,,,,,
0,,0,1,2,3,4,5,0
,,,Quarter Released,,,,,
,,,Trend Analysis of Generes,,,,
,,,,Year (bin),,,Genre
Genre,2010,,,2013,,,Action
,,,,,,,Adventure
,,,,,,,Comedy
,400M,,,,,,Thriller/Suspense
,re,sG,en,,,,
Action,,,,,,,
,cr,os,tA,200M,,,
,of i,Pr,,,,,
,0M,,,,,,
,400M,,,,,,
,re,en,sG,cr,os,Adventure,
,of i,tA,Pr,,,,
,200M,,,,,,
,0M,,,,,,
,400M,,,,,,
,re,sG,en,,,,
Comedy,,,,,,,
,cr,os,tA,Pr,of i,,
,200M,,,,,,
,0M,,,,,,
,400M,,,,,,
,en,re,os,sG,,,
Thriller/Suspe..,,,,,,,
,tA,cr,,,,,
,200M,,,,,,
,Pr,of i,,,,,
,0M,,,,,,
0,,0,1,2,3,4,5
,,,Quarter Released,,,,
,Genre Ranking by Profit across Years,,,,,,,,,,,,,,,,
,,,Year,,,,,,Genre,,,,,,,,
0,,,,,,,,0,,,,,,,,,
,,,,,,,,,,Action,,,,,,,
,,,,,,,,,,Adventure,,,,,,,
,,,,,,,,,,Black Comedy,,,,,,,
1,#1,#1,#1,#1,#1,#1,#1,#1,1,#1,Comedy,#1,#1,#1,#1,#1,#1
,,,,,,,,,,Drama,,,,,,,
,,,,,,,,,,Horror,,,,,,,
,,,,,,,,,,Musical,,,,,,,
2,#2,#2,#2,#2,#2,#2,#2,#2,2,#2,Romantic Comedy,#2,#2,#2,#2,#2,#2
,,,,,,,,,,Thriller/Suspense,,,,,,,
,,,,,,,,,,Western,,,,,,,
3,#3,#3,#3,#3,#3,#3,#3,#3,3,#3,#3,#3,#3,#3,#3,#3,
4,#4,#4,#4,#4,#4,#4,#4,#4,4,#4,#4,#4,#4,#4,#4,#4,
5,#5,#5,#5,#5,#5,#5,#5,#5,5,#5,#5,#5,#5,#5,#5,#5,
nk,,,,,,,,,nk,,,,,,,,
Ra,,,,,,,,,Ra,,,,,,,,
6,#6,#6,#6,#6,#6,#6,#6,#6,6,#6,#6,#6,#6,#6,#6,#6,
7,#7,#7,#7,#7,#7,#7,#7,#7,7,#7,#7,#7,#7,#7,#7,#7,
8,#8,#8,#8,#8,#8,#8,#8,8,#8,#8,#8,#8,#8,#8,#8,,
9,#9,#9,#9,,#9,#9,#9,9,#9,#9,,#9,#9,#9,#9,,
10,,,,,,,#10,10,,#10,,#10,#10,#10,,,
11,,,,,,,,11,,,,,,,,,
,2001,2002,2003,2004,2005,2006,2007,2008,,,,,,,,,
,,,,,,,,,Genre Ranking by Profit across Years,,,,,,,,
,,,,,,,,,,Year,,,,,Genre,,
,,,,,,,,0,,,,,,,0,,
,,,,,,,,,,,,,,,,Action,
,,,,,,,,,,,,,,,,Adventure,
,,,,,,,,,,,,,,,,Black Comedy,
#1,#1,#1,#1,#1,#1,#1,#1,1,#1,#1,#1,#1,#1,#1,#1,1,Comedy
,,,,,,,,,,,,,,,,Drama,
,,,,,,,,,,,,,,,,Horror,
,,,,,,,,,,,,,,,,Musical,
#2,#2,#2,#2,#2,#2,#2,#2,2,#2,#2,#2,#2,#2,#2,#2,2,Romantic Comedy
,,,,,,,,,,,,,,,,Thriller/Suspense,
,,,,,,,,,,,,,,,,Western,
#3,#3,#3,#3,#3,#3,#3,#3,3,#3,#3,#3,#3,#3,#3,#3,3,
#4,#4,#4,#4,#4,#4,#4,#4,4,#4,#4,#4,#4,#4,#4,#4,4,
#5,#5,#5,#5,#5,#5,#5,#5,5,#5,#5,#5,#5,#5,#5,#5,5,
,,,,,,,nk,,,,,,,,nk,,
,,,,,,,Ra,,,,,,,,Ra,,
#6,#6,#6,#6,#6,#6,#6,#6,6,#6,#6,#6,#6,#6,#6,#6,6,
#7,#7,#7,#7,#7,#7,#7,#7,7,#7,#7,#7,#7,#7,#7,#7,7,
#8,#8,#8,#8,#8,#8,,#8,8,#8,#8,#8,#8,#8,#8,#8,8,
#9,#9,#9,#9,#9,,,#9,9,#9,#9,#9,#9,#9,#9,9,,
,,,,,,,#1010,,#10,,#10,#10,#10,,10,,
,,,,,,,11,,,,,,,,11,,
,,,,,,,,2009,2010,2011,2012,2013,2014,2015,,,
,,,,,Genre Performance by Profit Percentage,,,,,,,,,,,,
,,,,,,,Profit,,,,,,,,,Measure Names,
,-500M,0M,500M,1000M,1500M,2000M,2500M,3000M,3500M,4000M,4500M,5000M,5500M,6000M,6500M,7000M,Movie Financial Summary Production Budget
Genre,,,,,,,,,,,,,,,,,
Action,,,,,,259.92%,,,,,,,,,,,
Adventure,,,123.79%,,,,,,,,,,,,,,
Black Comedy,,-99.55%,,,,,,,,,,,,,,,
Comedy,,,288.35%,,,,,,,,,,,,,,
Drama,,165.55%,,,,,,,,,,,,,,,
Horror,,584.37%,,,,,,,,,,,,,,,
Musical,,3390.42%,,,,,,,,,,,,,,,
Romantic Comedy,,132.13%,,,,,,,,,,,,,,,
Thriller/Suspense,,161.95%,,,,,,,,,,,,,,,
,-500M,0M,500M,1000M,1500M,2000M,2500M,3000M,3500M,4000M,4500M,5000M,5500M,6000M,6500M,7000M,
,,,,,,Movie Financial Summary Production Budget,,,,,,,,,,,
,Director Profitability for horror,,,,,,,,,,,,,,,,,,,,,,,,,,,,,,,,,,,,,,,,,,,,,,,,,,,,,,,,,,,,
,,,Director / Movie Display Name,,,,,,,,,,,,Measure Names,,,,,,,,,,,,,,,,,,,,,,,,,,,,,,,,,,,,,,,,,,,,,,
,,,,,,,,,,,,,,,Movie Financial Summary Production Budget,,,,,,,,,,,,,,,,,,,,,,,,,,,,,,,,,,,,,,,,,,,,,,
,,,,,David Robert,,,,,,,,,LeighProfit,,,,,,,,,,,,,,,,,,,,,,,,,,,,,,,,,,,,,,,,,,,,,,,
,Ciaran Foy,David Gelb,,,,Mitchell,,,Eli Roth,,Gil Kenan,,,Whannell,,,,,,,,,,,,,,,,,,,,,,,,,,,,,,,,,,,,,,,,,,,,,,,
,,The Lazarus,,,,,,The Green,,,,,,Insidious,,,,,,,,,,,,,,,,,,,,,,,,,,,,,,,,,,,,,,,,,,,,,,,
,Sinister 2,,Effect,,It Follows,,,,Inferno,,Poltergeist,,,Chapter 3,,,,,,,,,,,,,,,,,,,,,,,,,,,,,,,,,,,,,,,,,,,,,,,
450M,,,,,,,,,,,,,,,,,,,,,,,,,,,,,,,,,,,,,,,,,,,,,,,,,,,,,,,,,,,,,
400M,,,,,,,,,,,,,,,,,,,,,,,,,,,,,,,,,,,,,,,,,,,,,,,,,,,,,,,,,,,,,
350M,,,,,,,,,,,,,,,,,,,,,,,,,,,,,,,,,,,,,,,,,,,,,,,,,,,,,,,,,,,,,
300M,,,,,,,,,,,,,,,,,,,,,,,,,,,,,,,,,,,,,,,,,,,,,,,,,,,,,,,,,,,,,
ge,t,,,,,,,,,,,,,,,,,,,,,,,,,,,,,,,,,,,,,,,,,,,,,,,,,,,,,,,,,,,,
250M,,,,,,,,,,,,,,,,,,,,,,,,,,,,,,,,,,,,,,,,,,,,,,,,,,,,,,,,,,,,,
 B,ud,t a,nd,Pr,of i,200M,,,,,,,,,,,,,,,,,,,,,,,,,,,,,,,,,,,,,,,,,,,,,,,,,,,,,,,
150M,,,,,,,,,,,,,,,,,,,,,,,,,,,,,,,,,,,,,,,,,,,,,,,,,,,,,,,,,,,,,
100M,,,,,,,,,,,,,,,,,,,,,,,,,,,,,,,,,,,,,,,,,,,,,,,,,,,,,,,,,,,,,
50M,,,,,,,,,,,,,,,,,,,,,,,,,,,,,,,,,,,,,,,,,,,,,,,,,,,,,,,,,,,,,
0M,,,,,,,,,,,,,,,,,,,,,,,,,,,,,,,,,,,,,,,,,,,,,,,,,,,,,,,,,,,,,
,g. .,t,,t,,,t,,,t,,,t,,,,,,,,,,,,,,,,,,,,,,,,,,,,,,,,,,,,,,,,,,,,,,,,
,ud,of i,g. .,of i,,g. .,of i,,g. .,of i,,g. .,of i,,g. .,,g. .,,g. .,,g. .,,,,,,,,,,,,,,,,,,,,,,,,,,,,,,,,,,,,,,,,
, B,Pr, B,ud,Pr, B,ud,Pr,ud, B,Pr, B,ud,Pr,ud, B,ud, B, B,ud, B,ud,,,,,,,,,,,,,,,,,,,,,,,,,,,,,,,,,,,,,,,
,ct i,on,ct i,on,,on,,,ct i,on,ct i,on,,,on,,on,,on,,on,,,,,,,,,,,,,,,,,,,,,,,,,,,,,,,,,,,,,,,,
,du,,du,,,du,,,du,,,ct i,du,,ct i,du,ct i,du,du,ct i,ct i,du,,,,,,,,,,,,,,,,,,,,,,,,,,,,,,,,,,,,,,,
, P,ro,ro,,,ro,,,ro,,,ro,,,ro,,ro,,ro,,ro,,,,,,,,,,,,,,,,,,,,,,,,,,,,,,,,,,,,,,,,
,ry,,ry, P,, P,ry,, P,,, P,,, P,, P,, P,, P,ma,ma,ry,ma,ry,ry,ma,ma,ma,ma,ry,ma,ry,ry,ma,l S,um,um,um,um,um,um,um,um,um,ci a,ci a,l S,l S,ci a,ci a,l S,l S,ci a,l S,ci a,l S,l S,ci a,l S
,ci a,,,,,,,,,,,,,,,,,,,,ci a,in,an,an,an,an,an,an,an,an,an, F,in, F,in, F,in, F, F,in,in, F, F,in, F,in,,,,,,,,,,,,,,,
, F,in,,,,Mo,vi e,,Mo,vi e,,Mo,vi e,,Mo,vi e,vi e,Mo,vi e,Mo,Mo,vi e,Mo,vi e,vi e,Mo,,,,,,,,,,,,,,,,,,,,,,,,,,,,,,,,,,,
,,Director Profitability for horror,,,,,,,,,,,,,,,,,,,,,,,,,,,,,,,,,,,,,,,,,,,,,,,,,,,,,,,,,,,,,,,,
,,,,Director / Movie Display Name,,,,,,,,,,Measure Names,,,,,,,,,,,,,,,,,,,,,,,,,,,,,,,,,,,,,,,,,,,,,,,,,,,,
,,,,,,,,,,,,,,Movie Financial Summary Production Budget,,,,,,,,,,,,,,,,,,,,,,,,,,,,,,,,,,,,,,,,,,,,,,,,,,,,
,,Leigh,,Levan,,,,Mark,,,,,Steven,Profit,,,,,,,,,,,,,,,,,,,,,,,,,,,,,,,,,,,,,,,,,,,,,,,,,,,,
Gil Kenan,Whannell,,Gabriadze,,Marcus Nispel,,Neveldine,,,Rob Letterman,,,Spielberg,,,,,,,,,,,,,,,,,,,,,,,,,,,,,,,,,,,,,,,,,,,,,,,,,,,,,
,Insidious,,,,,,The Vatican,,,,,,,,,,,,,,,,,,,,,,,,,,,,,,,,,,,,,,,,,,,,,,,,,,,,,,,,,,,
Poltergeist,Chapter 3,,Unfriended,,Backmask,,,Tapes,,Goosebumps,,,Jaws,,,,,,,,,,,,,,,,,,,,,,,,,,,,,,,,,,,,,,,,,,,,,,,,,,,,,
450M,,,,,,,,,,,,,,,,,,,,,,,,,,,,,,,,,,,,,,,,,,,,,,,,,,,,,,,,,,,,,,,,,,
400M,,,,,,,,,,,,,,,,,,,,,,,,,,,,,,,,,,,,,,,,,,,,,,,,,,,,,,,,,,,,,,,,,,
350M,,,,,,,,,,,,,,,,,,,,,,,,,,,,,,,,,,,,,,,,,,,,,,,,,,,,,,,,,,,,,,,,,,
300M,,,,,,,,,,,,,,,,,,,,,,,,,,,,,,,,,,,,,,,,,,,,,,,,,,,,,,,,,,,,,,,,,,
t,,,,,,,,,,,,,,,,,,,,,,,,,,,,,,,,,,,,,,,,,,,,,,,,,,,,,,,,,,,,,,,,,,
250M,,,,,,,,,,,,,,,,,,,,,,,,,,,,,,,,,,,,,,,,,,,,,,,,,,,,,,,,,,,,,,,,,,
ud,ge, B,t a,nd,Pr,,,,,,,,,,,,,,,,,,,,,,,,,,,,,,,,,,,,,,,,,,,,,,,,,,,,,,,,,,,,,
200M,of i,,,,,,,,,,,,,,,,,,,,,,,,,,,,,,,,,,,,,,,,,,,,,,,,,,,,,,,,,,,,,,,,,
150M,,,,,,,,,,,,,,,,,,,,,,,,,,,,,,,,,,,,,,,,,,,,,,,,,,,,,,,,,,,,,,,,,,
100M,,,,,,,,,,,,,,,,,,,,,,,,,,,,,,,,,,,,,,,,,,,,,,,,,,,,,,,,,,,,,,,,,,
50M,,,,,,,,,,,,,,,,,,,,,,,,,,,,,,,,,,,,,,,,,,,,,,,,,,,,,,,,,,,,,,,,,,
0M,,,,,,,,,,,,,,,,,,,,,,,,,,,,,,,,,,,,,,,,,,,,,,,,,,,,,,,,,,,,,,,,,,
g. .,,,,,,,,,,,,,,,,,,,,,,,,,,,,,,,,,,,,,,,,,,,,,,,,,,,,,,,,,,,,,,,,,,
,,,,,,t,t,t,t,,,t,,,,,,,,,,,,,,,,,,,,,,,,,,,,,,,,,,,,,,,,,,,,,,,,,,,,,,
ud,,ud,g. .,,,g. .,of i,g. .,,,,,,,,,,,,,,,,,,,,,,,,,,,,,,,,,,,,,,,,,,,,,,,,,,,,,,,,,,
,,Pr,of i,ud,g. .,of i,Pr,ud,ud,Pr,of i,Pr,g. .,ud,of i,Pr,ud,g. .,g. .,ud,g. .,ud,,,,,,,,,,,,,,,,,,,,,,,,,,,,,,,,,,,,,,,,,,,,
on, B, B,on, B,on,on, B, B,on,, B,on,, B,on, B,on, B,on,,,,,,,,,,,,,,,,,,,,,,,,,,,,,,,,,,,,,,,,,,,,,,,
du,ct i,ct i,,ct i,,du,ct i,ct i,,,ct i,,,ct i,,ct i,,ct i,ro,du,du,ro,du,du,ro,ro,du,,,,,,,,,,,,,,,,,,,,,,,,,,,,,,,,,,,,,,,
ro,,,,ro,ro,,,,,,,,,,,,,,,,,,,,,,,,,,,,,,,,,,,,,,,,,,,,,,,,,,,,,,,,,,,,,
,,,,,,,,,,,,,,,,du,ro,du,ro,ry, P, P, P, P, P, P, P, P, P,ma,ry,ma,ma,ry,ma,ry,ry,ry,,,,,,,,,,,,,,,,,,,,,,,,,,,,
ma,,ma,,ma,ry,,,,,,,,,,,ry,ma,ma,ry,l S,um,um,um,um,um,um,um,um,um,ci a,ci a,l S,ci a,l S,l S,ci a,ci a,l S,ci a,l S,l S,ci a,l S,ci a,l S,ci a,in,an,an,an,an,an,an,an,an,an, F, F,in,in, F,in, F,in, F,in
 F,,,,,,,,,,,,,,,,,,,,,,,,,,,,,,,,,,,,,,,,,,,,,,,,,,,,,,,,,,,,,,,,,,
,,,,in, F,,,,,,,,,,,in, F,in, F,Mo,vi e,Mo,vi e,Mo,vi e,Mo,vi e,vi e,Mo,vi e,Mo,Mo,vi e,vi e,Mo,Mo,vi e,,,,,,,,,,,,,,,,,,,,,,,,,,,,,
,,,,Director Profitability for horror,,,,,,,,,,,,,,,,,,,,,,,,,,,,,,,,,,,,,,,
,,,Director / Movie Display Name,,,,,,,,Measure Names,,,,,,,,,,,,,,,,,,,,,,,,,,,,,,,,
,,,,,,,,,,,Movie Financial Summary Production Budget,,,,,,,,,,,,,,,,,,,,,,,,,,,,,,,,
,,,Steven,,,,,,,,Profit,,,,,,,,,,,,,,,,,,,,,,,,,,,,,,,,
,,Spielberg,,,Travis Cluff,,,Will Canon,,,,,,,,,,,,,,,,,,,,,,,,,,,,,,,,,,,
Goosebumps,,,Jaws,,The Gallows,,,Demonic,,,,,,,,,,,,,,,,,,,,,,,,,,,,,,,,,,,
,450M,,,,,,,,,,,,,,,,,,,,,,,,,,,,,,,,,,,,,,,,,,
,400M,,,,,,,,,,,,,,,,,,,,,,,,,,,,,,,,,,,,,,,,,,
,350M,,,,,,,,,,,,,,,,,,,,,,,,,,,,,,,,,,,,,,,,,,
,300M,,,,,,,,,,,,,,,,,,,,,,,,,,,,,,,,,,,,,,,,,,
,t,,,,,,,,,,,,,,,,,,,,,,,,,,,,,,,,,,,,,,,,,,
,250M,,,,,,,,,,,,,,,,,,,,,,,,,,,,,,,,,,,,,,,,,,
,ud,ge, B,nd,t a,Pr,of i,200M,,,,,,,,,,,,,,,,,,,,,,,,,,,,,,,,,,,
,150M,,,,,,,,,,,,,,,,,,,,,,,,,,,,,,,,,,,,,,,,,,
,100M,,,,,,,,,,,,,,,,,,,,,,,,,,,,,,,,,,,,,,,,,,
,50M,,,,,,,,,,,,,,,,,,,,,,,,,,,,,,,,,,,,,,,,,,
,0M,,,,,,,,,,,,,,,,,,,,,,,,,,,,,,,,,,,,,,,,,,
,,,,,,,,,,t,,,,,,,,,,,,,,,,,,,,,,,,,,,,,,,,,
,g. .,,,,,,,,g. .,of i,g. .,of i,t,g. .,t,of i, B,ud,ud, B,Pr,Pr, B,ud,Pr,ud, B,ct i,on,on,on,on,du,ct i,du,du,ct i,ct i,du, P,ro,ro, P
,,,,,,,,,ro, P, P,ro,,,,,,,,,,,,,,,,,,,,,,,,,,,,,,,
,ma,ry,ry,,,ry,,,ry,,,,,,,,,,,,,,,,,,,,,,,,,,,,,,,,,,
,um,,ma,um,,um,ma,,ma,um,,,,,,,,,,,,,,,,,,,,,,,,,,,,,,,,,
,ci a,l S,l S,,,l S,,,l S,,,,,,,,,,,,,,,,,,,,,,,,,,,,,,,,,,
,an,,ci a,,,ci a,,,ci a,,,,,,,,,,,,,,,,,,,,,,,,,,,,,,,,,,
,in,,an,,,an,,,an,,,,,,,,,,,,,,,,,,,,,,,,,,,,,,,,,,
,,, F,in,,,,,,,,,,,,,,,,,,,,,,,,,,,,,,,,,,,,,,,
, F,,,,,,,,,,,,,,,,,,,,,,,,,,,,,,,,,,,,,,,,,,
,,,,,,in,,,in,,,,,,,,,,,,,,,,,,,,,,,,,,,,,,,,,,
,,,vi e,,, F,,, F,,,,,,,,,,,,,,,,,,,,,,,,,,,,,,,,,,
,,,Mo,,,vi e,Mo,,Mo,vi e,vi e,Mo,,,,,,,,,,,,,,,,,,,,,,,,,,,,,,,
,,Cluster Analysis based on Profit,,,,,,,
,,Low Budget,,,,Medium Budget,,Profitable,
,,,,,,,,0,
2400M,,,,,,,,1,
2200M,,,,,,,,,
2000M,,,,,,,,,
1800M,,,,,,,,,
1600M,,,,,,,,,
1400M,,,,,,,,,
1200M,,,,,,,,,
e,lu,Va,,,,,,,
1000M,,,,,,,,,
800M,,,,,,,,,
600M,,,,,,,,,
400M,,,,,,,,,
200M,,,,,,,,,
0M,,,,,,,,,
-200M,,,,,,,,,
,Avg Profit,Min Profit,Max Profit,Avg Produ,Max Produ,Avg Profit,Min Profit,Max Profit,Avg Profit
,,,ction..,ction..,,,,,
,,Cluster Analysis based on Profit,,,,,
,Medium Budget,,,,High Budget,,Profitable
,,,,,,,0
2400M,,,,,,,1
2200M,,,,,,,
2000M,,,,,,,
1800M,,,,,,,
1600M,,,,,,,
1400M,,,,,,,
1200M,,,,,,,
e,lu,Va,,,,,
1000M,,,,,,,
800M,,,,,,,
600M,,,,,,,
400M,,,,,,,
200M,,,,,,,
0M,,,,,,,
-200M,,,,,,,
,Avg Produ,Max Produ,Avg Profit,Min Profit,Max Profit,Avg Produ,Max Produ
,ction..,ction..,,,ction..,ction..,
,,,,,,,,,,,,,,Top 20 Directors,,,,,,,,,,,,,,,,,,,,,,,,,,,,,,,,,,,,,,,,,
,,Cluster Analysis based on Profit,,,,,,,,,,,,Clusters,,,,,,,,,,,,,,,,,,,,,,,,,,,,,,,,,,,,,,,,,
,Low Budget,,,,Medium Budget,,,,,,High Budget,,,,,,,,,,,,,,,,,,,,,,,,,,,,,,,,,,,,,,,,,,,,
2400M,,,,,,,,,,,,,,,,,,,,,,,,,,,,,,,,,,,,,,,,,,,,,,,,,,,,,,,
,,,,,,,,,,,,,,Low Budget,Alfonso Cuaron,James Wan,Andrew Adamson,,,,,,,,,,,,,,,,,,,,,,,,,,,,,,,,,,,,,,
2200M,,,,,,,,,,,,,,,,,,,,,,,,,,,,,,,,,,,,,,,,,,,,,,,,,,,,,,,
,,,,,,,,,,,,,,Gore VerbinskiCarlos Saldanha,,,,,,,,,,,,,,,,,,,,,,,,,,,,,,,,,,,,,,,,,
,,,,,,,,,,,,,,Christopher Nolan,Colin Trevorow,,,,,,,,,,,,,,,,,,,,,,,,,,,,,,,,,,,,,,,,
,,,,,,,,,,,,,,Michael Bay,,,,,,,,,,,,,,,,,,,,,,,,,,,,,,,,,,,,,,,,,
2000M,,,,,,,,,,,,,,,,,,,,,,,,,,,,,,,,,,,,,,,,,,,,,,,,,,,,,,,
,,,,,,,,,,,,,,James Cameron,Tim Burton,,,,,,,,,,,,,,,,,,,,,,,,,,,,,,,,,,,,,,,,
1800M,,,,,,,,,,,,,,,,,,,,,,,,,,,,,,,,,,,,,,,,,,,,,,,,,,,,,,,
,,,,,,,,,,,,,,Ron Howard,,,,,,,,,,,,,,,,,,,,,,,,,,,,,,,,,,,,,,,,,
,,,,,,,,,,,,,,Peter Jackson,Justin Lin,,,,,,,,,,,,,,,,,,,,,,,,,,,,,,,,,,,,,,,,
1600M,,,,,,,,,,,,,,Chris Renaud,,,,,,,,,,,,,,,,,,,,,,,,,,,,,,,,,,,,,,,,,
,,,,,,,,,,,,,,Francis Lawrence,Sam Raimi,David Yates,,,,,,,,,,,,,,,,,,,,,,,,,,,,,,,,,,,,,,,
1400M,,,,,,,,,,,,,,Steven Spielberg,,,,,,,,,,,,,,,,,,,,,,,,,,,,,,,,,,,,,,,,,
,,,,,,,,,,,,,,Medium Budget,Robert Zemeckis,,,,,,,,,,,,,,,,,,,,,,,,,,,,,,,,,,,,,,,,
,,,,,,,,,,,,,,Sam Mendes,,,,,,,,,,,,,,,,,,,,,,,,,,,,,,,,,,,,,,,,,
1200M,,,,,,,,,,,,,,,,,,,,,,,,,,,,,,,,,,,,,,,,,,,,,,,,,,,,,,,
lu,e,Va,,,,,,,,,,,,,,,,,,,,,,,,,,,,,,,,,,,,,,,,,,,,,,,,,,,,,
1000M,,,,,,,,,,,,,,Top 20 Actors,,,,,,,,,,,,,,,,,,,,,,,,,,,,,,,,,,,,,,,,,
800M,,,,,,,,,,,,,,,,,,,,,,,,,,,,,,,,,,,,,,,,,,,,,,,,,,,,,,,
600M,,,,,,,,,,,,,,Martin Freeman,Bradley Cooper,,,,,,,,,,,,,,,,,,,,,,,,,,,,,,,,,,,,,,,,
,,,,,,,,,,,,,,Vin Diesel,Tobey Maguire,,,,,,,,,,,,,,,,,,,,,,,,,,,,,,,,,,,,,,,,
400M,,,,,,,,,,,,,,,,,,,,,,,,,,,,,,,,,,,,,,,,,,,,,,,,,,,,,,,
,,,,,,,,,,,,,,Johnny Depp Ben Stiller Tom CruiseBrad Pitt,,,,,,,,,,,,,,,,,,,,,,,,,,,,,,,,,,,,,,,,,
200M,,,,,,,,,,,,,,High Budget,,,,,,,,,,,,,,,,,,,,,,,,,,,,,,,,,,,,,,,,,
,,,,,,,,,,,,,,Chris Pratt,"Robert Downey, Jr.",Elijah Wood,,,,,,,,,,,,,,,,,,,,,,,,,,,,,,,,,,,,,,,
0M,,,,,,,,,,,,,,Dileep RaoAdam Sandler,Devon Murray,,,,,,,,,,,,,,,,,,,,,,,,,,,,,,,,,,,,,,,,
-200M,,,,,,,,,,,,,,Kristen Stewart,Daniel Craig,George Clooney,,,,,,,,,,,,,,,,,,,,,,,,,,,,,,,,,,,,,,,
,,,t,t,,,,t,t,,,,t,t,ro,fi t,fi t,ro,ro,fi t,ge,ge,ro,fi t,ro,fi t,ro,fi t,ge,ge,fi t,ro,ro,fi t,fi t,ro,ge,ge,g P, P,ud,ud, P,Jay Laga'aia,,,,,,,,,,,
,,,,,,,,ud,ud,, P,,ud,ud,Av,Mi n,x P,Ma, B,Hugh JackmanBruce Willis,,,,,,,,,,,,,,,,,,,,,,,,,,,,,,,,,,,
,,,on, B,g P,,x P, B, B,g P,,x P, B, B,ct i,on,Av,Mi n,Ma,on,on,Av,Mi n,Ma,on,on,du,ct i,ct i,ct i,ct i,ct i,ro,du,ro,du,ro,ro,du,ro,du,du,ro,g P,Av,Ma,x P,Av,g P,x P,Ma,g P,Av,x P,Ma
Clusters
Cluster Number Manual1
Low Budget
High Budget
Medium Budget
Top 20 Directors,
Profit,
1B,5B
Michael BaySam Mendes,
Steven Spielberg,Robert Zemeckis
Francis Lawrence Justin Lin,Chris Renaud
Christopher Nolan,Peter Jackson
James CameronRon Howard,Tim Burton
David YatesJames Wan,Colin Trevorow
Andrew Adamson,
Gore Verbinski,Carlos Saldanha
Alfonso CuaronSam Raimi,
,Top 20 Directors,
,Profit,
,1B,5B
Michael BaySam Mendes,,
Steven Spielberg,Robert Zemeckis,
Francis Lawrence Justin Lin,Chris Renaud,
Christopher Nolan,Peter Jackson,
James CameronRon Howard,Tim Burton,
David YatesJames Wan,Colin Trevorow,
Andrew Adamson,,
Gore Verbinski,Carlos Saldanha,
Alfonso CuaronSam Raimi,,
,Top 20 Directors,
,Profit,
,1B,5B
Robert Zemeckis,,
Chris Renaud,,
Peter Jackson,,
James CameronRon Howard,Tim Burton,
Colin Trevorow,,
Carlos Saldanha,,
Top 20 Actors,,
,Profit,
,1B,3B
Tobey Maguire,Brad Pitt,
Martin Freeman,Jay Laga'aia,
Kristen StewartAdam Sandler,,
Johnny Depp George Clooney,,
Vin Diesel,Devon Murray,
"Robert Downey, Jr.",,
Chris PrattElijah Wood,,
Dileep RaoTom Cruise,,
Hugh JackmanDaniel Craig,,
Bradley Cooper,Bruce Willis,
Ben Stiller,,
Top Actors across horror,,,,,
Director,Movie Display N..,,,ProfitMargin,
Ciaran Foy,Sinister 2,,4.3,-0.9,412.6
David Gelb,The Lazarus Effect,,4.6,,
David Robert Mitchell,It Follows,,9.3,,
Eli Roth,The Green Inferno,,7.8,,
Gil Kenan,Poltergeist,,1.7,,
Leigh Whannell,Insidious Chapter 3,,11.1,,
Levan Gabriadze,Unfriended,,61.6,,
Marcus Nispel,Backmask,,-0.9,,
Mark Neveldine,The Vatican Tapes,,-0.1,,
Rob Letterman,Goosebumps,,0.9,,
Steven Spielberg,Jaws,,38.2,,
Travis Cluff,The Gallows,412.6,,,
Will Canon,Demonic,,0,,
Actor Profitability across Horror Genre,,,,
Cassidy Gifford,ProfitMargin,Shelley Hennig,,
,-0.9,412.6,,
,,Robert Chambers,Dermot,
,,,Mulroney,
,,Maika Monroe,Olivia Wilde,Shannyn
,,,,Sossamon
,,Lorenza Izzo,,
,,,Sam Rockwell,Jack
,,,,Black
,Actor Profitability across Horror Genre,,,
Cassidy Gifford,Shelley Hen,nig,ProfitMargin,
,,,-0.9,412.6
,Robert Cham,bers,Dermot,
,,,Mulroney,
,Maika Monro,e,Olivia Wilde,Shannyn
,,,Sossamon,
,Lorenza Izzo,,,
,,,Sam Rockwell,Jack
,,,Black,
,,Actor Profitability across Horror Genre,,,
Shelley Hen,nig,,,ProfitMargin,
,,,,-0.9,412.6
Robert Cham,bers,Dermot,,,
,,,Mulroney,,
Maika Monro,e,Olivia Wilde,Shannyn,,
,,,Sossamon,,
Lorenza Izzo,,,,,
,,Sam Rockwell,Jack,,
,,,Black,,
,,Genre Performance by Profit Percentage,,,,,,,,,,,,Director Profitability for horror,,,,,,,,,Year,,,,,,,,,,,,,,,,,,,,,,,,,,,,,,,,,,,,,,,,,,,,,,,,,,,,,,,,,,,,,,,,,,,,,,,,,,,,,,,,,,,,,,,,,,,,,,,,,,,,,,,,,,,,,,,,
,,,,,,,,,,,,,,,,,,,,,,,2001,,,,,,,,,,,,,,,,,,,,,,,,,,,,,,,,,,,,,,,,,,,,,,,,,,,,,,,,,,,,,,,,,,,,,,,,,,,,,,,,,,,,,,,,,,,,,,,,,,,,,,,,,,,,,,,,
,,,,Profit,,,,,,,,,,,Director / Movie Display Name,,,,,,,,2002,,,,,,,,,,,,,,,,,,,,,,,,,,,,,,,,,,,,,,,,,,,,,,,,,,,,,,,,,,,,,,,,,,,,,,,,,,,,,,,,,,,,,,,,,,,,,,,,,,,,,,,,,,,,,,,,
,-1B,0B,1B,2B,3B,4B,5B,6B,7B,,,,,,,,,,,,,,,,,,,,,,,,,,,,,,,,,,,,,,,,,,,,,,,,,,,,,,,,,,,,,,,,,,,,,,,,,,,,,,,,,,,,,,,,,,,,,,,,,,,,,,,,,,,,,,,,,,,,,,,,,,,,,,
Genre,,,,,,,,,,Ciaran F.. David Ge..David Ro..,,,Eli Roth,Gil Kenan Leigh Wh..,,Levan G.. Marcus N..,,Mark Ne..,Rob Lett.. Steven S.. Travis Cl..,,,Will Can..,2003,,,,,,,,,,,,,,,,,,,,,,,,,,,,,,,,,,,,,,,,,,,,,,,,,,,,,,,,,,,,,,,,,,,,,,,,,,,,,,,,,,,,,,,,,,,,,,,,,,,,,,,,,,,,,,,,
,,,,,,,,,,Sinister 2,The Lazar..,It Follows,The Gree..,Poltergeist,Insidious ..,Unfriended,Backmask,The Vatic..,Goosebu..,Jaws,The Gallo..,Demonic,2004,,,,,,,,,,,,,,,,,,,,,,,,,,,,,,,,,,,,,,,,,,,,,,,,,,,,,,,,,,,,,,,,,,,,,,,,,,,,,,,,,,,,,,,,,,,,,,,,,,,,,,,,,,,,,,,,
Action,,,259.92%,,,,,,,,,,,,,,,,,,,,2005,,,,,,,,,,,,,,,,,,,,,,,,,,,,,,,,,,,,,,,,,,,,,,,,,,,,,,,,,,,,,,,,,,,,,,,,,,,,,,,,,,,,,,,,,,,,,,,,,,,,,,,,,,,,,,,,
,,,,,,,,,,,,,,,,,,,,,,,2006,,,,,,,,,,,,,,,,,,,,,,,,,,,,,,,,,,,,,,,,,,,,,,,,,,,,,,,,,,,,,,,,,,,,,,,,,,,,,,,,,,,,,,,,,,,,,,,,,,,,,,,,,,,,,,,,
Adventure,,123.79%,,,,,,,400M,,,,,,,,,,,,,,2007,,,,,,,,,,,,,,,,,,,,,,,,,,,,,,,,,,,,,,,,,,,,,,,,,,,,,,,,,,,,,,,,,,,,,,,,,,,,,,,,,,,,,,,,,,,,,,,,,,,,,,,,,,,,,,,,
,,,,,,,,,,,,,,,,,,,,,,,2008,,,,,,,,,,,,,,,,,,,,,,,,,,,,,,,,,,,,,,,,,,,,,,,,,,,,,,,,,,,,,,,,,,,,,,,,,,,,,,,,,,,,,,,,,,,,,,,,,,,,,,,,,,,,,,,,
,,,,,,,,,ge,t,,,,,,,,,,,,,,,,,,,,,,,,,,,,,,,,,,,,,,,,,,,,,,,,,,,,,,,,,,,,,,,,,,,,,,,,,,,,,,,,,,,,,,,,,,,,,,,,,,,,,,,,,,,,,,,,,,,,,,,,,,,,,
Black Comedy,,-99.55%,,,,,,,,,,,,,,,,,,,,,2009,,,,,,,,,,,,,,,,,,,,,,,,,,,,,,,,,,,,,,,,,,,,,,,,,,,,,,,,,,,,,,,,,,,,,,,,,,,,,,,,,,,,,,,,,,,,,,,,,,,,,,,,,,,,,,,,
,,,,,,,,, B,ud,,,,,,,,,,,,,,,,,,,,,,,,,,,,,,,,,,,,,,,,,,,,,,,,,,,,,,,,,,,,,,,,,,,,,,,,,,,,,,,,,,,,,,,,,,,,,,,,,,,,,,,,,,,,,,,,,,,,,,,,,,,,,
,,,,,,,,,,,,,,,,,,,,,,,2010,,,,,,,,,,,,,,,,,,,,,,,,,,,,,,,,,,,,,,,,,,,,,,,,,,,,,,,,,,,,,,,,,,,,,,,,,,,,,,,,,,,,,,,,,,,,,,,,,,,,,,,,,,,,,,,,
,,,,,,,,,nd, a,,,,,,,,,,,,,2011,,,,,,,,,,,,,,,,,,,,,,,,,,,,,,,,,,,,,,,,,,,,,,,,,,,,,,,,,,,,,,,,,,,,,,,,,,,,,,,,,,,,,,,,,,,,,,,,,,,,,,,,,,,,,,,,
Comedy,,288.35%,,,,,,,200M,,,,,,,,,,,,,,,,,,,,,,,,,,,,,,,,,,,,,,,,,,,,,,,,,,,,,,,,,,,,,,,,,,,,,,,,,,,,,,,,,,,,,,,,,,,,,,,,,,,,,,,,,,,,,,,,,,,,,,,,,,,,,,
,,,,,,,,,fi t,,,,,,,,,,,,,,2012,,,,,,,,,,,,,,,,,,,,,,,,,,,,,,,,,,,,,,,,,,,,,,,,,,,,,,,,,,,,,,,,,,,,,,,,,,,,,,,,,,,,,,,,,,,,,,,,,,,,,,,,,,,,,,,,
,,,,,,,,,Pr o,,,,,,,,,,,,,,2013,,,,,,,,,,,,,,,,,,,,,,,,,,,,,,,,,,,,,,,,,,,,,,,,,,,,,,,,,,,,,,,,,,,,,,,,,,,,,,,,,,,,,,,,,,,,,,,,,,,,,,,,,,,,,,,,
Drama,,165.55%,,,,,,,,,,,,,,,,,,,,,,,,,,,,,,,,,,,,,,,,,,,,,,,,,,,,,,,,,,,,,,,,,,,,,,,,,,,,,,,,,,,,,,,,,,,,,,,,,,,,,,,,,,,,,,,,,,,,,,,,,,,,,,,,,,,,,
,,,,,,,,,,,,,,,,,,,,,,,2014,,,,,,,,,,,,,,,,,,,,,,,,,,,,,,,,,,,,,,,,,,,,,,,,,,,,,,,,,,,,,,,,,,,,,,,,,,,,,,,,,,,,,,,,,,,,,,,,,,,,,,,,,,,,,,,,
,,,,,,,,,,,,,,,,,,,,,,,2015,,,,,,,,,,,,,,,,,,,,,,,,,,,,,,,,,,,,,,,,,,,,,,,,,,,,,,,,,,,,,,,,,,,,,,,,,,,,,,,,,,,,,,,,,,,,,,,,,,,,,,,,,,,,,,,,
Horror,,584.37%,,,,,,,0M,,,,,,,,,,,,,,,,,,,,,,,,,,,,,,,,,,,,,,,,,,,,,,,,,,,,,,,,,,,,,,,,,,,,,,,,,,,,,,,,,,,,,,,,,,,,,,,,,,,,,,,,,,,,,,,,,,,,,,,,,,,,,,
,,,,,,,,,,ry,ge,t,fi t,ry,ge,t,fi t,ry,ge,t,fi t,ry,t,ge,fi t,ry,ge,t,fi t,ry,t,fi t,ry,t,fi t,ry,t,fi t,ry,t,fi t,ry,t,fi t,ry,t,fi t,ry,t,fi t,ry,t,fi t,,,,,,,,,,,,,,,,,,,,,,,,,,,,,,,,,,,,,,,,,,,,,,,,,,,,,,,,,,,,,,,,,,,,,,,,,,,,,,,,,,
Musical,,3390.42%,,,,,,,,,,,,,,,,,,,,,,,,,,,,,,,,,,,,,,,,,,,,,,,,,,,,,,,,,,,,,,,,,,,,,,,,,,,,,,,,,,,,,,,,,,,,,,,,,,,,,,,,,,,,,,,,,,,,,,,,,,,,,,,,,,,,,
,,,,,,,,,,,,,,,ge,ge,ge,ge,ge,ge,ge,ge,um,ma,ma,ma,ma,ma,ma,ma,ma,ma,ma,ma,ma,ma, B,ud,Pr o,ud,Pr o,ud,Pr o,ud,Pr o,ud,Pr o,ud,Pr o,ud,Pr o,ud,Pr o,ud,Pr o,ud,Pr o,ud,Pr o,ud,Pr o,ud,Pr o,on,um, B,on,um, B,on,um,on, B,um, B,on,um,on, B,um, B,on,um, B,on,um,on, B,um,on, B,um, B,on,um,on, B,um, B,on,ci a,l S,ct i,l S,ct i,l S,ct i,l S,ct i,l S,ct i,Romantic Comedy,132.13%,,,,,,,,,,,,,,,,,,,,,,
,,,,,,,,,,,,,,,l S,ct i,l S,ct i,l S,ct i,l S,ct i,l S,ct i,l S,ct i,l S,ct i,l S,ct i,an,du,ci a,du,ci a,du,ci a,du,ci a,du,ci a,du,ci a,du,ci a,du,ci a,du,ci a,du,ci a,du,ci a,du,ci a,du,in,Pr o,an,in,Pr o,in,an,Pr o,an,in,Pr o,in,an,Pr o,in,an,Pr o,an,in,Pr o,in,an,Pr o,an,in,Pr o,in,an,Pr o,an,in,Pr o,in,an,Pr o,in,an,Pr o,vi e, F, F, F, F, F,Thriller/Suspense,161.95%, F, F, F, F, F, F, F, F,Mo,vi e,Mo,vi e,Mo,vi e,Mo,Mo,vi e,vi e,Mo,Mo,vi e,Mo,vi e,Mo,vi e,vi e,Mo,Mo,vi e,Mo,vi e,vi e,Mo
,-1B,0B,1B,2B,3B,4B,5B,6B,7B,,,,,,,,,,,,,,,,,,,,,,,,,,,,,,,,,,,,,,,,,,,,,,,,,,,,,,,,,,,,,,,,,,,,,,,,,,,,,,,,,,,,,,,,,,,,,,,,,,,,,,,,,,,,,,,,,,,,,,,,,,,,,,
,,,Movie Financial Summary Production Budget,,,,,,,,,,,,,,,,,,,,,,,,,,,,,,,,,,,,,,,,,,,,,,,,,,,,,,,,,,,,,,,,,,,,,,,,,,,,,,,,,,,,,,,,,,,,,,,,,,,,,,,,,,,,,,,,,,,,,,,,,,,,,,,,,,,,
,,Top Actors across horror,,,,,,,,,,,Actor Profitability across Horror Genre,,,,,,,,,,,,,,,,,,,,,,,,,,,,,,,,,,,,,,,,,,,,,,,,,,,,,,,,,,,,,,,,,,,,,,,,,,,,,,,,,,,,,,,,,,,,,,,,,,,,,,,,,,,,,,,,,,,,,,,,,,
Director,Movie Display N..,,,,,,,,Cassidy Gifford,,,,,,,,,,Shelley Hennig,,,,,,,,,,,,,,,,,,,,,,,,,,,,,,,,,,,,,,,,,,,,,,,,,,,,,,,,,,,,,,,,,,,,,,,,,,,,,,,,,,,,,,,,,,,,,,,,,,,,,,,,,,,,,,,,,,,,
Ciaran Foy,Sinister 2,,,,,,,4.3,,,,,,,,,,,,,,,,,,,,,,,,,,,,,,,,,,,,,,,,,,,,,,,,,,,,,,,,,,,,,,,,,,,,,,,,,,,,,,,,,,,,,,,,,,,,,,,,,,,,,,,,,,,,,,,,,,,,,,,,,,,,,,,
David Gelb,The Lazarus Effect,,,,,,,4.6,,,,,,,,,,,,,,,,,,,,,,,,,,,,,,,,,,,,,,,,,,,,,,,,,,,,,,,,,,,,,,,,,,,,,,,,,,,,,,,,,,,,,,,,,,,,,,,,,,,,,,,,,,,,,,,,,,,,,,,,,,,,,,,
David Robert Mitchell,It Follows,,,,,,,9.3,,,,,,,,,,,,,,,,,,,,,,,,,,,,,,,,,,,,,,,,,,,,,,,,,,,,,,,,,,,,,,,,,,,,,,,,,,,,,,,,,,,,,,,,,,,,,,,,,,,,,,,,,,,,,,,,,,,,,,,,,,,,,,,
Eli Roth,The Green Inferno,,,,,,,7.8,,,,,,,,,,,,,,,,,,,,,,,,,,,,,,,,,,,,,,,,,,,,,,,,,,,,,,,,,,,,,,,,,,,,,,,,,,,,,,,,,,,,,,,,,,,,,,,,,,,,,,,,,,,,,,,,,,,,,,,,,,,,,,,
Gil Kenan,Poltergeist,,,,,,,1.7,,,,,,,,,,,,,,,,,,,,,,,,,,,,,,,,,,,,,,,,,,,,,,,,,,,,,,,,,,,,,,,,,,,,,,,,,,,,,,,,,,,,,,,,,,,,,,,,,,,,,,,,,,,,,,,,,,,,,,,,,,,,,,,
Leigh Whannell,Insidious Chapter 3,,,,,,,11.1,,,,,,,,,,,,,,,,,,,,,,,,,,,,,,,,,,,,,,,,,,,,,,,,,,,,,,,,,,,,,,,,,,,,,,,,,,,,,,,,,,,,,,,,,,,,,,,,,,,,,,,,,,,,,,,,,,,,,,,,,,,,,,,
,,,,,,,,,,,,,,,,,,,Robert Chambers,,,Dermot,,,,,,,,,,,,,,,,,,,,,,,,,,,,,,,,,,,,,,,,,,,,,,,,,,,,,,,,,,,,,,,,,,,,,,,,,,,,,,,,,,,,,,,,,,,,,,,,,,,,,,,,,,,,,,,,,
Levan Gabriadze,Unfriended,,,,,,,61.6,,,,,,,,,,,,,,,,,,,,,,,,,,,,,,,,,,,,,,,,,,,,,,,,,,,,,,,,,,,,,,,,,,,,,,,,,,,,,,,,,,,,,,,,,,,,,,,,,,,,,,,,,,,,,,,,,,,,,,,,,,,,,,,
Marcus Nispel,Backmask,,,,,,,-0.9,,,,,,,,,,,,,,,,,,,,,,,,,,,,,,,,,,,,,,,,,,,,,,,,,,,,,,,,,,,,,,,,,,,,,,,,,,,,,,,,,,,,,,,,,,,,,,,,,,,,,,,,,,,,,,,,,,,,,,,,,,,,,,,
Mark Neveldine,The Vatican Tapes,,,,,,,-0.1,,,,,,,,,,,,,,,,,,,,,,,,,,,,,,,,,,,,,,,,,,,,,,,,,,,,,,,,,,,,,,,,,,,,,,,,,,,,,,,,,,,,,,,,,,,,,,,,,,,,,,,,,,,,,,,,,,,,,,,,,,,,,,,
Rob Letterman,Goosebumps,,,,,,,0.9,,,,,,,,,,,,,,,,,,,,,,,,,,,,,,,,,,,,,,,,,,,,,,,,,,,,,,,,,,,,,,,,,,,,,,,,,,,,,,,,,,,,,,,,,,,,,,,,,,,,,,,,,,,,,,,,,,,,,,,,,,,,,,,
Steven Spielberg,Jaws,,,,,,,38.2,,,,,,,,,,,Maika Monroe,,Olivia,,,,,,,,,,,,,,,,,,,,,,,,,,,,,,,,,,,,,,,,,,,,,,,,,,,,,,,,,,,,,,,,,,,,,,,,,,,,,,,,,,,,,,,,,,,,,,,,,,,,,,,,,,,,,,,,,,
,,,,,,,,,,,,,,,,,,,,,Wilde,,,,,,,,,,,,,,,,,,,,,,,,,,,,,,,,,,,,,,,,,,,,,,,,,,,,,,,,,,,,,,,,,,,,,,,,,,,,,,,,,,,,,,,,,,,,,,,,,,,,,,,,,,,,,,,,,,
Travis Cluff,The Gallows,,,,,,,412.6,,,,,,,,,,,,,,,,,,,,,,,,,,,,,,,,,,,,,,,,,,,,,,,,,,,,,,,,,,,,,,,,,,,,,,,,,,,,,,,,,,,,,,,,,,,,,,,,,,,,,,,,,,,,,,,,,,,,,,,,,,,,,,,
,,,,,,,,,,,,,,,,,,,Lorenza Izzo,,,,,,,,,,,,,,,,,,,,,,,,,,,,,,,,,,,,,,,,,,,,,,,,,,,,,,,,,,,,,,,,,,,,,,,,,,,,,,,,,,,,,,,,,,,,,,,,,,,,,,,,,,,,,,,,,,,,
Will Canon,Demonic,,,,,,,0,,,,,,,,,,,,,,,,,,,,,,,,,,,,,,,,,,,,,,,,,,,,,,,,,,,,,,,,,,,,,,,,,,,,,,,,,,,,,,,,,,,,,,,,,,,,,,,,,,,,,,,,,,,,,,,,,,,,,,,,,,,,,,,
,,,,,Genre Ranking by Profit across Years,,,,,,,,,,Genre,
,,,,,,,,,,,,,,,Action,
,,,,,,,Year,,,,,,,,,
0,,,,,,,,,,,,,,,0,Adventu..
,,,,,,,,,,,,,,,Black C..,
,,,,,,,,,,,,,,,Comedy,
,,,,,,,,,,,,,,,Drama,
1,#1,#1,#1,#1,#1,#1,#1,#1,#1,#1,#1,#1,#1,#1,#1,1
,,,,,,,,,,,,,,,Horror,
,,,,,,,,,,,,,,,Musical,
,,,,,,,,,,,,,,,Romanti..,
,,,,,,,,,,,,,,,Thriller/..,
2,#2,#2,#2,#2,#2,#2,#2,#2,#2,#2,#2,#2,#2,#2,#2,2
,,,,,,,,,,,,,,,Western,
3,#3,#3,#3,#3,#3,#3,#3,#3,#3,#3,#3,#3,#3,#3,#3,3
4,#4,#4,#4,#4,#4,#4,#4,#4,#4,#4,#4,#4,#4,#4,#4,4
5,#5,#5,#5,#5,#5,#5,#5,#5,#5,#5,#5,#5,#5,#5,#5,5
Ra,nk,,,,,,,,,,,,,,Ra,nk
6,#6,#6,#6,#6,#6,#6,#6,#6,#6,#6,#6,#6,#6,#6,#6,6
7,#7,#7,#7,#7,#7,#7,#7,#7,#7,#7,#7,#7,#7,#7,#7,7
8,#8,#8,#8,#8,#8,#8,#8,#8,#8,#8,#8,#8,#8,#8,8,
9,#9,#9,#9,,#9,#9,#9,#9,#9,,#9,#9,#9,#9,9,
10,,,,,,,#10,,#10,,#10,#10,#10,,10,
11,,,,,,,,,,,,,,,11,
2001,2002,2003,2004,2005,2006,2007,2008,2009,2010,2011,2012,2013,2014,2015,,
,,,,,,,,,,Trend Analysis of Generes,,,,,,,,,,,,,,,,Genre,,,,
,,,,,,,,,,,,,,,,,,,,,,,,,,Action,,,,
,,,,,,,,,,,,,Year (bin),,,,,,,,,,,,,,,,,
,,,,,,,,,,,,,,,,,,,,,,,,,,Adventure,,,,
Genre,,,2001,,,,,2004,,,,,2007,,,,,2010,,,,,2013,,,,,,,
,,,,,,,,,,,,,,,,,,,,,,,,,,Comedy,,,,
,,,,,,,,,,,,,,,,,,,,,,,,,,Thriller/Suspense,,,,
400M,,,,,,,,,,,,,,,,,,,,,,,,,,,,,,
Ge,nr e,ss,,,,,,,,,,,,,,,,,,,,,,,,,,,,
Action,,,,,,,,,,,,,,,,,,,,,,,,,,,,,,
Ac,ro,,,,,,,,,,,,,,,,,,,,,,,,,,,,,
200M,,,,,,,,,,,,,,,,,,,,,,,,,,,,,,
Pr o,fi t,,,,,,,,,,,,,,,,,,,,,,,,,,,,,
0M,,,,,,,,,,,,,,,,,,,,,,,,,,,,,,
400M,,,,,,,,,,,,,,,,,,,,,,,,,,,,,,
nr e,ss,Ge,ro,Ac,,,,,,,,,,,,,,,,,,,,,,,,,,
Adventure,,,,,,,,,,,,,,,,,,,,,,,,,,,,,,
200M,,,,,,,,,,,,,,,,,,,,,,,,,,,,,,
Pr o,fi t,,,,,,,,,,,,,,,,,,,,,,,,,,,,,
0M,,,,,,,,,,,,,,,,,,,,,,,,,,,,,,
400M,,,,,,,,,,,,,,,,,,,,,,,,,,,,,,
nr e,ss,Ge,,,,,,,,,,,,,,,,,,,,,,,,,,,,
Comedy,,,,,,,,,,,,,,,,,,,,,,,,,,,,,,
ro,fi t,Ac,,,,,,,,,,,,,,,,,,,,,,,,,,,,
200M,,,,,,,,,,,,,,,,,,,,,,,,,,,,,,
Pr o,,,,,,,,,,,,,,,,,,,,,,,,,,,,,,
0M,,,,,,,,,,,,,,,,,,,,,,,,,,,,,,
400M,,,,,,,,,,,,,,,,,,,,,,,,,,,,,,
nr e,ss,Ge,,,,,,,,,,,,,,,,,,,,,,,,,,,,
Thriller/Suspe..,,,,,,,,,,,,,,,,,,,,,,,,,,,,,,
Ac,ro,,,,,,,,,,,,,,,,,,,,,,,,,,,,,
200M,,,,,,,,,,,,,,,,,,,,,,,,,,,,,,
Pr o,fi t,,,,,,,,,,,,,,,,,,,,,,,,,,,,,
0M,,,,,,,,,,,,,,,,,,,,,,,,,,,,,,
,0,1,2,3,4,5,0,1,2,3,4,5,0,1,2,3,4,5,0,1,2,3,4,5,0,1,2,3,4,5
,,Quarter Released,,,,,Quarter Released,,,,,Quarter Released,,,,,Quarter Released,,,,,Quarter Released,,,,,,,,
BLUCKB-IJSTEII,,,,,,,,,
,ACUMPLETE MUVIE ANALYSIS,,,,,,,,
 um,,,,,,,,,
,,,,_,,,,,
,,,,,,\,,,
,,April 2016,,,,,,,
+'IIIEH1I1[]IIEIIIII,,I,lIIIIIP1I3II'IIIII.II.I,I,KIIIIIIIIIIIIIIIIIIU,I,IJ.:I.eI:PIIItI.I,I,VIII!IIS1IIIIIIINI!I.I
} GENERAL AUDIENCESI,,,,,,,,,
-1,AI} ~.»'~'.\’.‘III,I,,,,,,,
,,"Blockbuster, A Complete Movie Analysis",,,,,
Introduction,Action and Comedy,Quarter-2 prime time,Clusters based on,"Universal Pictures,",Impact of Dreamworks,Best combination for,Elijah Wood and
,are Trending Genres,for movie releases,movies,"Marvel Studios, 20th",on Warner Bros.,2017,Natalie Portman made
,,,,Century Fox success..,,,most money
,,,,,"Blockbuster, A Complete Movie Analysis",,,,,,,,,,,,
,Introduction,,Action and Comedy,Quarter-2 prime time,,Clusters based on,"Universal Pictures,",,Impact of Dreamworks,Best combination for,,Elijah Wood and,,,,,
,,,are Trending Genres,for movie releases,,movies,"Marvel Studios, 20th",,on Warner Bros.,2017,,Natalie Portman made,,,,,
,,,,,,,Century Fox success..,,,,,most money,,,,,
,,,,,Genre Ranking by Profit across Years,,,,,,,,,,Genre,,
,,,,,,,,,,,,,,,,Action,
,,,,,,,Year,,,,,,,,,,
0,,,,,,,,,,,,,,,0,Adventu..,
,,,,,,,,,,,,,,,,Black C..,
,,,,,,,,,,,,,,,,Comedy,
1,#1,#1,#1,#1,#1,#1,#1,#1,#1,#1,#1,#1,#1,#1,#1,1,Drama
,,,,,,,,,,,,,,,,Horror,
,,,,,,,,,,,,,,,,Musical,
2,#2,#2,#2,#2,#2,#2,#2,#2,#2,#2,#2,#2,#2,#2,#2,2,Romanti..
,,,,,,,,,,,,,,,,Thriller/..,
,,,,,,,,,,,,,,,,Western,
3,#3,#3,#3,#3,#3,#3,#3,#3,#3,#3,#3,#3,#3,#3,#3,3,
4,#4,#4,#4,#4,#4,#4,#4,#4,#4,#4,#4,#4,#4,#4,#4,4,
5,#5,#5,#5,#5,#5,#5,#5,#5,#5,#5,#5,#5,#5,#5,#5,5,
nk,Ra,,,,,,,,,,,,,,nk,Ra,
6,#6,#6,#6,#6,#6,#6,#6,#6,#6,#6,#6,#6,#6,#6,#6,6,
7,#7,#7,#7,#7,#7,#7,#7,#7,#7,#7,#7,#7,#7,#7,#7,7,
8,#8,#8,#8,#8,#8,#8,#8,#8,#8,#8,#8,#8,#8,#8,8,,
9,#9,#9,#9,,#9,#9,#9,#9,#9,,#9,#9,#9,#9,9,,
10,,,,,,,#10,,#10,,#10,#10,#10,,10,,
11,,,,,,,,,,,,,,,11,,
2001,2002,2003,2004,2005,2006,2007,2008,2009,2010,2011,2012,2013,2014,2015,,,
,,,,,,,,,"Blockbuster, A Complete Movie Analysis",,,,,,,,,,,,,,,,,,,,,
,,,Introduction,,Action and Comedy,,,Quarter-2 prime time,,,Clusters based on,,"Universal Pictures,",,,Impact of Dreamworks,,,Best combination for,,Elijah Wood and,,,,,,,,,
,,,,,are Trending Genres,,,for movie releases,,,movies,,"Marvel Studios, 20th",,,on Warner Bros.,,,2017,,Natalie Portman made,,,,,,,,,
,,,,,,,,,,,,,Century Fox success..,,,,,,,,most money,,,,,,,,,
,,,,,,,,,,Trend Analysis of Generes,,,,,,,,,,,,,,,,Genre,,,,
,,,,,,,,,,,,,,,,,,,,,,,,,,Action,,,,
,,,,,,,,,,,,,Year (bin),,,,,,,,,,,,,,,,,
,,,,,,,,,,,,,,,,,,,,,,,,,,Adventure,,,,
Genre,,,2001,,,,,2004,,,,,2007,,,,,2010,,,,,2013,,,,,,,
,,,,,,,,,,,,,,,,,,,,,,,,,,Comedy,,,,
,,,,,,,,,,,,,,,,,,,,,,,,,,Thriller/Suspense,,,,
400M,,,,,,,,,,,,,,,,,,,,,,,,,,,,,,
nr e,ss,Ge,,,,,,,,,,,,,,,,,,,,,,,,,,,,
Action,,,,,,,,,,,,,,,,,,,,,,,,,,,,,,
ro,,,,,,,,,,,,,,,,,,,,,,,,,,,,,,
200M,Ac,Pr o,fi t,,,,,,,,,,,,,,,,,,,,,,,,,,,
0M,,,,,,,,,,,,,,,,,,,,,,,,,,,,,,
400M,,,,,,,,,,,,,,,,,,,,,,,,,,,,,,
nr e,Ge,,,,,,,,,,,,,,,,,,,Is Quarter ,3 the right, time for A,ction mo,vie releas,es?,,,,,
ss,ro,,,,,,,,,,,,,,,,,,,,,,,,,,,,,
Adventure,,,,,,,,,,,,,,,,,,,,,,,,,,,,,,
Ac,200M,,,,,,,,,,,,,,,,,,,,,,,,,,,,,
fi t,Pr o,,,,,,,,,,,,,,,,,,,,,,,,,,,,,
0M,,,,,,,,,,,,,,,,,,,,,,,,,,,,,,
400M,,,,,,,,,,,,,,,,,,,,,,,,,,,,,,
Ge,nr e,ss,Ac,,,,,,,,,,,,,,,,,,,,,,,,,,,
Comedy,,,,,,,,,,,,,,,,,,,,,,,,,,,,,,
ro,,,,,,,,,,,,,,,,,,,,,,,,,,,,,,
200M,,,,,,,,,,,,,,,,,,,,,,,,,,,,,,
Pr o,fi t,,,,,,,,,,,,,,,,,,,,,,,,,,,,,
0M,,,,,,,,,,,,,,,,,,,,,,,,,,,,,,
nr e,,,,,,,,,,,,,,,,,,,,,,,,,,,,,,
400M,,,,,,,,,,,,,,,,,,,,,,,,,,,,,,
Ge,ro,ss,Ac,,,,,,,,,,,,,,,,,,,,,,,,,,,
Thriller/Suspe..,,,,,,,,,,,,,,,,,,,,,,,,,,,,,,
200M,,,,,,,,,,,,,,,,,,,,,,,,,,,,,,
Pr o,fi t,,,,,,,,,,,,,,,,,,,,,,,,,,,,,
0M,,,,,,,,,,,,,,,,,,,,,,,,,,,,,,
,0,1,2,3,4,5,0,1,2,3,4,5,0,1,2,3,4,5,0,1,2,3,4,5,0,1,2,3,4,5
,,Quarter Released,,,,,Quarter Released,,,,,Quarter Released,,,,,Quarter Released,,,,,Quarter Released,,,,,,,,
,,,,,,,,,,,,,,"Blockbuster, A Complete Movie Analysis",,,,,,,,,,,,,,,,,,,,,,,,,,,,,,,,
,,,,Introduction,,,,Action and Comedy,,,,,Quarter-2 prime time,Clusters based on,"Universal Pictures,",Impact of Dreamworks,Best combination for,Elijah Wood and,,,,,,,,,,,,,,,,,,,,,,,,,,,,
,,,,,,,,are Trending Genres,,,,,for movie releases,movies,"Marvel Studios, 20th",on Warner Bros.,2017,Natalie Portman made,,,,,,,,,,,,,,,,,,,,,,,,,,,,
,,,,,,,,,,,,,,Century Fox success..,,most money,,,,,,,,,,,,,,,,,,,,,,,,,,,,,,
,,,,,,,,,,,,,,Clusters,Top 20 Directors,,,,,,,,,,,,,,,,,,,,,,,,,,,,,,,
,,Cluster Analysis based on Profit,,,,,,,,,,,,,,,,,,,,,,,,,,,,,,,,,,,,,,,,,,,,
,Low Budget,,,,Medium Budget,,,,,,High Budget,,,,,,,,,,,,,,,,,,,,,,,,,,,,,,,,,,,
2400M,,,,,,,,,,,,,,,,,,,,,,,,,,,,,,,,,,,,,,,,,,,,,,
,,,,,,,,,,,,,,Low Budget,Alfonso Cuaron,Sam Mendes,,,,,,,,,,,,,,,,,,,,,,,,,,,,,,
2200M,,,,,,,,,,,,,,,Andrew Adamson,Sam Raimi,,,,,,,,,,,,,,,,,,,,,,,,,,,,,,
,,,,,,,,,,,,,,,,Colin Trevorow,,,,,,,,,,,,,,,,,,,,,,,,,,,,,,
,,,,,,,,,,,,,,,Carlos Saldanha Michael Bay,,,,,,,,,,,,,,,,,,,,,,,,,,,,,,,
2000M,,,,,,,,,,,,,,,,,,,,,,,,,,,,,,,,,,,,,,,,,,,,,,
,,,,,,,,,,,,,,James WanJames Cameron,,,Tim Burton,,,,,,,,,,,,,,,,,,,,,,,,,,,,,
1800M,,,,,,,,,,,,,,,,,Chris Renaud,,,,,,,,,,,,,,,,,,,,,,,,,,,,,
,,,,,,,,,,,,,,,,,Ron Howard,,,,,,,,,,,,,,,,,,,,,,,,,,,,,
1600M,,,,,,,,,,,,,,David YatesChristopher NolanPeter Jackson,,,,,,,,,,,,,,,,,,,,,,,,,,,,,,,,
,,,,,,,,,,,,,,,Steven Spielberg,Robert Zemeckis,Francis Lawrence,,,,,,,,,,,,,,,,,,,,,,,,,,,,,
1400M,,,,,,,,,,,,,,,,,,,,,,,,,,,,,,,,,,,,,,,,,,,,,,
,,,,,,,,,,,,,,Medium Budget,Gore VerbinskiJustin Lin,,,,,,,,,,,,,,,,,,,,,,,,,,,,,,,
1200M,,,,,,,,,,,,,,,,,,,,,,,,,,,,,,,,,,,,,,,,,,,,,,
lu,e,Va,,,,,,,,,,,,,,,,,,,,,,,,,,,,,,,,,,,,,,,,,,,,
1000M,,,,,,,,,,,,,,,,,,,,,,,,,,,,,,,,,,,,,,,,,,,,,,
,,,,,,,,,,,,,,,Top 20 Actors,,,,,,,,,,,,,,,,,,,,,,,,,,,,,,,
800M,,,,,,,,,,,,,,,,,,,,,,,,,,,,,,,,,,,,,,,,,,,,,,
600M,,,,,,,,,,,,,,,Adam Sandler,,,,,,,,,,,,,,,,,,,,,,,,,,,,,,,
400M,,,,,,,,,,,,,,Martin Freeman,Daniel Craig Bruce Willis,,Dileep Rao,,,,,,,,,,,,,,,,,,,,,,,,,,,,,
200M,,,,,,,,,,,,,,Kristen StewartVin Diesel,,Elijah WoodBrad Pitt,,,,,,,,,,,,,,,,,,,,,,,,,,,,,,
,,,,,,,,,,,,,,High Budget,,,,,,,,,,,,,,,,,,,,,,,,,,,,,,,,
,,,,,,,,,,,,,,"Johnny DeppRobert Downey, Jr.",,,Devon Murray,,,,,,,,,,,,,,,,,,,,,,,,,,,,,
0M,,,,,,,,,,,,,,,,,,,,,,,,,,,,,,,,,,,,,,,,,,,,,,
,,,,,,,,,,,,,,George Clooney,,,,,,,,,,,,,,,,,,,,,,,,,,,,,,,,
-200M,,,,,,,,,,,,,,,Chris Pratt,Tom Cruise,,,,,,,,,,,,,,,,,,,,,,,,,,,,,,
,,,t,t,,,,t,t,,,,t,t,ro,fi t,Hugh Jackman,fi t,ro,fi t,ro,ge,ge,ro,fi t,ro,fi t,fi t,ro,ge,ge,fi t,ro,fi t,ro,ro,fi t,ge,ge,g P, P,ud,ud, P,Tobey Maguire,Jay Laga'aia
,,,,,,,,ud,ud,, P,,ud,ud,Av,Mi n,Ma,x P, B, B,g P,x P, B, B,g P,x P, B, B,ct i,on,on,ct i,Av,Mi n,Ma,ct i,on,on,ct i,Av,Mi n,Ma,,,,
,,,,,,,,,,,,,,,Bradley CooperBen Stiller,,,,,,,,,,,,,,,,,,,,,,,,,,,,,,,
,,,,,,,,,,,,,ct i,on,ct i,on,ro,du,du,ro,du,ro,ro,du,ro,du,ro,du,g P,Av,x P,Ma,Av,g P,x P,Ma,Av,g P,x P,Ma,,,,,,
,,,,,,,,,,,"Blockbuster, A Complete Movie Analysis",,,,,,,,,,,,,,,,,,,,,,,,,,
,,,Introduction,,,,Action and Comedy,,,Quarter-2 prime time,,,Clusters based on,,,"Universal Pictures,",,,,Impact of Dreamworks,,,Best combination for,,,Elijah Wood and,,,,,,,,,,,
,,,,,,,are Trending Genres,,,for movie releases,,,movies,,,"Marvel Studios, 20th",,,,on Warner Bros.,,,2017,,,Natalie Portman made,,,,,,,,,,,
,,,,,,,,,,,,,,,,Century Fox success..,,,,,,,,,,most money,,,,,,,,,,,
,,,,,,,,,,,,Top Profiable Production Houses,,,,,,,,,,,,,,,,,,,Quarter,,,,,,
,,,,,,,,,,,,,,,,,,,,,,,,,,,,,,,1,,,,,,
,,Columbia Pictures,,,,,Marvel Studios,,,Universal Pictures,,,,,Unknown Production House,,,,,,Walt Disney Pictures,,,,,,Warner Bros.,,,,,,,,,,
,,,,,,,,,,,,,,,,,,,,,,,,,,,,,,,2,,,,,,
,,,,,,,,,,,,,59.69%,,,,,,,,,,,,,,,,,,,,,,,,
3000M,,,,,,,,,,,,,,,,,,,,,,,,,,,,,,,3000M,3,,,,,
,,,,,,,,,,,,,,,,,,,,,,,,,,,,,,,4,,,,,,
t,2500M,,,,,,,,,,,,,,,,,,,,,,,,,,,,,,2500M,Genre,,,,,
,,,,,,,,,,,,,,,,,,,,,,,,,,,,,,,Action,,,,,,
ge, B,ud,on,,,,,,,,,,,,,,,,,,,,,,,,,,,,,,,,,,
,,,,,,,,,,,40.10%,,,,,,,,,11.12%,,,,,,,,,,,Adventure,,,,,,
ct i,du,,,,,,,,,,,,,,,,,,,,,,,,,,,,,,,,,,,,
2000M,,,,,,,,,,,,,,,,,,,,,,,,,,,,,,,2000M,Comedy,,,,,
,,,,,,,,,,,,,,,,,,,,,,,,,,,,12.55%,,,,,,,,,
 P,ro,,,,,,,,,,,,,,,,,,,,,,,,,,,,,,,,,,,,
,,,,,,,,9.28%,,,,,,34.26%,,,,,,,,,,,,,,,,,,,,,,,
ry,,,,,,,,,,,,,,,,,,,,,,,,,,,,,,,,,,,,,
,,,,,,8.30%,,,,,,,,,,,,,,,,,,,,,,,,,,,,,,,
1500M,,,,,,,,,7.61%,,,,,,,,,,,,,,,,,,,,,,1500M,fi t,um,ma,Pr o,l S,6.64%
an,ci a,,,,,,,,,,,,,,,,,,,,,,,,,,,,,,,,,,,,
1000M,,,11.53%,,,,,,,,,,,,,,,,,,,,,,,,,,,,1000M,,,,,,
in, F,10.51%,,,,,,,,,,,,,,,,,,,,,,,,,,,,,,,,,,,
,,,,,,,,,,8.08%,,,,,,,,,,,,,,,,,,,,,,,,,,,
Mo,vi e,500M,,,,,,,,,,,,,,,,,,,,,,,,,,,,,500M,,,,,,
,,8.14%,,,,,,,,,7.85%,,,,,15.29%,,,,,,,1.39%,,,,,,,,,,,,,,
,,,,,,,,,,,,,,,,,,,26.50%,,,,,,,,,,,,,,,,,,
,3.74%,,5.63%,,,2.00%,,,,,,,,,,,,,,,,,,,,,,,,,,,,,,,
,,,,,2.06%,,,,,,,,,5.31%,,16.20%,,,,,,,,,,3.75%,,1.05%,,,,,,,,,
0M,,,,,,,,,,,,,,,,,,3.71%,,,,1.40%,,0.93%,,,,,,,0M,,,,,,
,,,,,,,,,,,,,,,,,,,,,,,,,0.51%,,,,,0.42%,,,,,,,
,,,,,,,,,,,,,,,,,,,,-0.74%,,,,,,,,,,,,,,,,,
,2010,2011,2012,2013,2014,2015,2011,2013,2014,2015,2010,2012,2013,2015,2010,2011,2012,2013,2014,2015,2010,2011,2012,2013,2014,2010,2011,2012,2013,2014,2015,,,,,,
,,,Best Quarter,,,,,,,,International Box Office Revenues,,,,,,,,,,,,Trending Genres - Action,,,,,,,,,,,,,,
,,,,,,,,,Movie,,,,,,,,,,,,,,Movie Production Company Display Name,,,,,,,,,,,,,,
,,,,,,,,,Production,,,,,,,,,,,Universal Pictures,,,,Marvel Studios,,,,,20th Century Fox,,,,,,,,
,,,,,,,,,Company Displ..,,,,,,,,,,,,,,,,,,,,,,,,,,,,
,,,,,,,,,,,,,,65.42%,,,,,,,,,,,,,,,,,,,,,,,
,,1,,,,2,,,20th Century Fox,,,,,,,,,,,,,,,,,,,,,,,,,,,,
,,,,,,,,,,,,,,,,,,,,,,,21.71%,,,,,,,,,,,,,,
,,,,,,,,,,,,,,,,,,,,,,35.09%,,,,,,,,,,,,,,,
,,,,,,,,,,,,,,,,,,,,,,,,,,,,,,,28.61%,,,,,,
,4,,,,,,,,Marvel Studios,,,,,65.22%,,,,,,,,,,,,,,31.06%,,,,,,,,,
,,,,,,,,,,,,,,,,,,,44.26%,,,,,,,,,,,,,,,,,,
,,,,,,,,,,,,,,,,,,,,,,,,,,78.29%,,,,,,,,,,,
,,,3,,,,,,,,,,,,,,,,,,,,,,,,,,,,,,,,,,
,,,,,,,,,Universal,,,,,,,,,,,,,,,,,,,,,,,,,,,,
,,,,,,,,,,,,,,60.74%,,,,,,,,,,,,,,,,,,,,,,,
,,,,,,,,,Pictures,,,,,,,,,,,,,,,,,,,,,,,,,,,,
,,,"Blockbuster, A Complete Movie Analysis",,,,,,,,,,
,,Introduction,Action and Comedy,Quarter-2 prime time,Clusters based on,"Universal Pictures,",Impact of Dreamworks,Best combination for,Elijah Wood and,,,,
,,,are Trending Genres,for movie releases,movies,"Marvel Studios, 20th",on Warner Bros.,2017,Natalie Portman made,,,,
,,,,,Century Fox success..,,,,most money,,,,
,,Warner Bros. VS DreamWorks Animation,,,,,Warner Bros. Directors,,,,,Director,
,,,,,,,,,,,,Andy Wachowski,
Year of Mov..,Quarter of .. Movie Production Compan..,,,Year of Movie.. Director,,,,,,,,Doug Liman,
2010,Q1,DreamWorks Animation,,,,,,,,,,Scott Cooper,
,,,,2014,Doug Liman,,,,,,1,,
,,Warner Bros.,,,,,,,,,,,
,Q2,DreamWorks Animation,,2015,Andy Wachowski,,,,,,1,,
,Q3,DreamWorks,,,,,,,,,,,
,,,,,Joe Wright,,,,,,1,,
,Q4,DreamWorks Animation,,,,,,,,,,,
2011,Q1,Warner Bros.,,,,,,,,,,,
,,,,,Scott Cooper,,,,,,1,,
2012,Q3,Warner Bros.,,,,,,,,,,,
,,,,,,,,Director History,,,,,
,Q4,DreamWorks Animation,,,,,,,,,,,
,,,,900M,,,,,,,,,
,,Warner Bros.,,,,,,,,,,,
,,,,800M,,,,,,,,,
2013,Q1,Dreamworks Animation,,,,,,,,,,,
,,Warner Bros.,,700M,,,,,,,,,
,,,,,,,,,,Q,uarter 3 is n,ot th,e right
,Q2,Warner Bros.,,600M,,,,,,tim,e for releas,ing, Action
,Q3,DreamWorks Animation,,,,,,,,,movi,es,
,,,,500M,,,,,,,,,
,,Warner Bros.,,,,,,,,,,,
,,,,Pr o,fi t,,,,,,,,
,,,,400M,,,,,,,,,
,Q4,Warner Bros.,,,,,,,,,,,
,,,,300M,,,,,,,,,
2014,Q2,DreamWorks Animation,,,,,,,,,,,
,,Warner Bros.,,200M,,,,,,,,,
,Q4,DreamWorks Animation,,,,,,,,,,,
,,,,100M,,,,,,,,,
2015,Q1,DreamWorks Animation,,,,,,,,,,,
,,,,0M,,,,,,,,,
,,Warner Bros.,,,,,,,,,,,
,,,,,2003,2005,2007,2009,2011,2013,2015,,
,Q3,Warner Bros.,,,,,,,,,,,
,,,,,,,Year of Movie Theatrical Release Release Date,,,,,,
,,,,,,"Blockbuster, A Complete Movie Analysis",,,,,,,,,,,,,,,,,,,,,,,,,,,,,,,,,,,,,,,,,,,,,,,,,,,,,,,,,,,,,,,,,,,,,,,,,,,,
,,Introduction,Action and Comedy,,Quarter-2 prime time,,Clusters based on,,,"Universal Pictures,",,Impact of Dreamworks,,,Best combination for,,,Elijah Wood and,,,,,,,,,,,,,,,,,,,,,,,,,,,,,,,,,,,,,,,,,,,,,,,,,,,,,,,,,,,,,,,,
,,,are Trending Genres,,for movie releases,,movies,,,"Marvel Studios, 20th",,on Warner Bros.,,,2017,,,Natalie Portman made,,,,,,,,,,,,,,,,,,,,,,,,,,,,,,,,,,,,,,,,,,,,,,,,,,,,,,,,,,,,,,,,
,,,,,,,,,,Century Fox success..,,,,,,,,most money,,,,,,,,,,,,,,,,,,,,,,,,,,,,,,,,,,,,,,,,,,,,,,,,,,,,,,,,,,,,,,,,
,,Genre Performance by Profit Percentage,,,,,,,,,,,,Director Profitability for horror,,,,,,,,,Year,,,,,,,,,,,,,,,,,,,,,,,,,,,,,,,,,,,,,,,,,,,,,,,,,,,,,,,,,,,
,,,,,,,,,,,,,,,,,,,,,,,2001,,,,,,,,,,,,,,,,,,,,,,,,,,,,,,,,,,,,,,,,,,,,,,,,,,,,,,,,,,,
,,,,Profit,,,,,,,,,,,Director / Movie Display Name,,,,,,,,2002,,,,,,,,,,,,,,,,,,,,,,,,,,,,,,,,,,,,,,,,,,,,,,,,,,,,,,,,,,,
,-1B,0B,1B,2B,3B,4B,5B,6B,7B,,,,,,,,,,,,,,,,,,,,,,,,,,,,,,,,,,,,,,,,,,,,,,,,,,,,,,,,,,,,,,,,,,,,,,,,,
Genre,,,,,,,,,,Ciaran F.. David Ge..David Ro..,,,Eli Roth,Gil Kenan,Leigh W..,Levan G..,Marcus ..,Mark Ne..,Rob Lett.. Steven S.. Travis Cl..,,,Will Can..,2003,,,,,,,,,,,,,,,,,,,,,,,,,,,,,,,,,,,,,,,,,,,,,,,,,,,,,,,,,,,
Action,,,259.92%,,,,,,,Sinister 2,The Laza..,It Follows,The Gree..,Poltergeist,Insidious .. Unfriended,,Backmask,The Vatic..,Goosebu..,Jaws,The Gallo..,Demonic,2004,,,,,,,,,,,,,,,,,,,,,,,,,,,,,,,,,,,,,,,,,,,,,,,,,,,,,,,,,,,
,,,,,,,,,,,,,,,,,,,,,,,2005,,,,,,,,,,,,,,,,,,,,,,,,,,,,,,,,,,,,,,,,,,,,,,,,,,,,,,,,,,,
Adventure,,123.79%,,,,,,,,,,,,,,,,,,,,,2006,,,,,,,,,,,,,,,,,,,,,,,,,,,,,,,,,,,,,,,,,,,,,,,,,,,,,,,,,,,
,,,,,,,,,400M,,,,,,,,,,,,,,2007,,,,,,,,,,,,,,,,,,,,,,,,,,,,,,,,,,,,,,,,,,,,,,,,,,,,,,,,,,,
Black Comedy,,-99.55%,,,,,,,,,,,,,,,,,,,,,2008,t,ge,,,,,,,,,,,,,,,,,,,,,,,,,,,,,,,,,,,,,,,,,,,,,,,,,,,,,,,,,
,,,,,,,,,,,,,,,,,,,,,,,2009,,,,,,,,,,,,,,,,,,,,,,,,,,,,,,,,,,,,,,,,,,,,,,,,,,,,,,,,,,,
,,,,,,,,,ud,nd,,,,,,,,,,,,,,,,,,,,,,,,,,,,,,,,,,,,,,,,,,,,,,,,,,,,,,,,,,,,,,,,,,,,,,,,
Comedy,,288.35%,,,,,,, B,,,,,,,,,,,,,,2010,,,,,,,,,,,,,,,,,,,,,,,,,,,,,,,,,,,,,,,,,,,,,,,,,,,,,,,,,,,
,,,,,,,,,fi t, a,200M,,,,,,,,,,,,2011,,,,,,,,,,,,,,,,,,,,,,,,,,,,,,,,,,,,,,,,,,,,,,,,,,,,,,,,,,,
Drama,,165.55%,,,,,,,,,,,,,,,,,,,,,,,,,,,,,,,,,,,,,,,,,,,,,,,,,,,,,,,,,,,,,,,,,,,,,,,,,,,,,,,,
,,,,,,,,,Pr o,,,,,,,,,,,,,,,,,,,,,,,,,,,,,,,,,,,,,,,,,,,,,,,,,,,,,,,,,,,,,,,,,,,,,,,,,
,,,,,,,,,,,,,,,,,,,,,,,2012,,,,,,,,,,,,,,,,,,,,,,,,,,,,,,,,,,,,,,,,,,,,,,,,,,,,,,,,,,,
Horror,,584.37%,,,,,,,,,,,,,,,,,,,,,2013,,,,,,,,,,,,,,,,,,,,,,,,,,,,,,,,,,,,,,,,,,,,,,,,,,,,,,,,,,,
,,,,,,,,,,,,,,,,,,,,,,,2014,,,,,,,,,,,,,,,,,,,,,,,,,,,,,,,,,,,,,,,,,,,,,,,,,,,,,,,,,,,
Musical,,3390.42%,,,,,,,0M,,,,,,,,,,,,,,2015,,,,,,,,,,,,,,,,,,,,,,,,,,,,,,,,,,,,,,,,,,,,,,,,,,,,,,,,,,,
Romantic Comedy,,132.13%,,,,,,,,i. .,fi t,i. .,fi t,i. .,fi t,i. .,fi t,i. .,fi t,i. .,fi t,i. .,fi t,i. .,fi t,i. .,fi t,i. .,fi t,i. .,fi t,i. .,fi t,i. .,fi t,vi e, F,Pr o, F,Pr o, F,Pr o, F,Pr o, F,Pr o, F,Pr o, F,Pr o, F,Pr o, F,Pr o, F,Pr o, F,Pr o, F,Pr o, F,Pr o,Mo,vi e,Mo,vi e,Mo,vi e,Mo,Mo,vi e,vi e,Mo,vi e,Mo,vi e,Mo,vi e,vi e,vi e,vi e,vi e
Thriller/Suspense,,161.95%,,,,,,,,,,,,,,,,,,,,,,,,,,,,,,,,,,,,,,,,,,,,,,,,,,,,,,,,,,,,,,,,,,,,,,,,,,,,,,,,
,,,,,,,,,,,,,,,,,,Mo,Mo,Mo,Mo,Mo,,,,,,,,,,,,,,,,,,,,,,,,,,,,,,,,,,,,,,,,,,,,,,,,,,,,,,,,,,,,
,-1B,0B,1B,2B,3B,4B,5B,6B,7B,,,,,,,,,,,,,,,,,,,,,,,,,,,,,,,,,,,,,,,,,,,,,,,,,,,,,,,,,,,,,,,,,,,,,,,,,
,,,Movie Financial Summary Production Budget,,,,,,,,,,,,,,,,,,,,,,,,,,,,,,,,,,,,,,,,,,,,,,,,,,,,,,,,,,,,,,,,,,,,,,,,,,,,,,,
,,Top Actors across horror,,,,,,,,,,,Actor Profitability across Horror Genre,,,,,,,,,,,,,,,,,,,,,,,,,,,,,,,,,,,,,,,,,,,,,,,,,,,,,,,,,,,,,,,,,,,,,
Director,Movie Display N..,,,,,,,,Cassidy Gifford,,,,,,,,,,Shelley Hennig,,Robert,,,,,,,,,,,,,,,,,,,,,,,,,,,,,,,,,,,,,,,,,,,,,,,,,,,,,,,,,,,,,
,,,,,,,,,,,,,,,,,,,,,Chambers,,,,,,,,,,,,,,,,,,,,,,,,,,,,,,,,,,,,,,,,,,,,,,,,,,,,,,,,,,,,,
Ciaran Foy,Sinister 2,,,,,,,4.3,,,,,,,,,,,,,,,,,,,,,,,,,,,,,,,,,,,,,,,,,,,,,,,,,,,,,,,,,,,,,,,,,,,,,,,,,,
David Gelb,The Lazarus Effect,,,,,,,4.6,,,,,,,,,,,,,,,,,,,,,,,,,,,,,,,,,,,,,,,,,,,,,,,,,,,,,,,,,,,,,,,,,,,,,,,,,,
David Robert Mitchell,It Follows,,,,,,,9.3,,,,,,,,,,,,,,,,,,,,,,,,,,,,,,,,,,,,,,,,,,,,,,,,,,,,,,,,,,,,,,,,,,,,,,,,,,
Eli Roth,The Green Inferno,,,,,,,7.8,,,,,,,,,,,,,,,,,,,,,,,,,,,,,,,,,,,,,,,,,,,,,,,,,,,,,,,,,,,,,,,,,,,,,,,,,,
Gil Kenan,Poltergeist,,,,,,,1.7,,,,,,,,,,,,,,,,,,,,,,,,,,,,,,,,,,,,,,,,,,,,,,,,,,,,,,,,,,,,,,,,,,,,,,,,,,
Leigh Whannell,Insidious Chapter 3,,,,,,,11.1,,,,,,,,,,,,,,,,,,,,,,,,,,,,,,,,,,,,,,,,,,,,,,,,,,,,,,,,,,,,,,,,,,,,,,,,,,
Levan Gabriadze,Unfriended,,,,,,,61.6,,,,,,,,,,,,,,,,,,,,,,,,,,,,,,,,,,,,,,,,,,,,,,,,,,,,,,,,,,,,,,,,,,,,,,,,,,
Marcus Nispel,Backmask,,,,,,,-0.9,,,,,,,,,,,,,,,,,,,,,,,,,,,,,,,,,,,,,,,,,,,,,,,,,,,,,,,,,,,,,,,,,,,,,,,,,,
Mark Neveldine,The Vatican Tapes,,,,,,,-0.1,,,,,,,,,,,,,,,,,,,,,,,,,,,,,,,,,,,,,,,,,,,,,,,,,,,,,,,,,,,,,,,,,,,,,,,,,,
Rob Letterman,Goosebumps,,,,,,,0.9,,,,,,,,,,,Dermot Mulroney,,Lorenza,Olivia,,,,,,,,,,,,,,,,,,,,,,,,,,,,,,,,,,,,,,,,,,,,,,,,,,,,,,,,,,,,
,,,,,,,,,,,,,,,,,,,,,Izzo,Wilde,,,,,,,,,,,,,,,,,,,,,,,,,,,,,,,,,,,,,,,,,,,,,,,,,,,,,,,,,,,,
Steven Spielberg,Jaws,,,,,,,38.2,,,,,,,,,,,,,,,,,,,,,,,,,,,,,,,,,,,,,,,,,,,,,,,,,,,,,,,,,,,,,,,,,,,,,,,,,,
Travis Cluff,The Gallows,,,,,,,412.6,,,,,,,,,,,Maika Monroe,,,,,,,,,,,,,,,,,,,,,,,,,,,,,,,,,,,,,,,,,,,,,,,,,,,,,,,,,,,,,,,
,,,,,,,,,,,,,,,,,,,,,Shannyn,,,,,,,,,,,,,,,,,,,,,,,,,,,,,,,,,,,,,,,,,,,,,,,,,,,,,,,,,,,,,
Will Canon,Demonic,,,,,,,0,,,,,,,,,,,,,Sossamon,,,,,,,,,,,,,,,,,,,,,,,,,,,,,,,,,,,,,,,,,,,,,,,,,,,,,,,,,,,,,
,,,,,,,,,"Blockbuster, A Complete Movie Analysis",,,,,,,,,,,,,,,,,,
,,Introduction,,,Action and Comedy,,,Quarter-2 prime time,,,Clusters based on,"Universal Pictures,",,,Impact of Dreamworks,,,Best combination for,,,,Elijah Wood and,,,,,
,,,,,are Trending Genres,,,for movie releases,,,movies,"Marvel Studios, 20th",,,on Warner Bros.,,,2017,,,,Natalie Portman made,,,,,
,,,,,,,,,,,,Century Fox success..,,,,,,,,,,most money,,,,,
,,,,Profitable Actor,,,,,,,,,,,,,Profitable Actress,,,,,,,,,,
Nominee,,,,,,,,,,,Nominee,,,,,,,,,,,,,,,,
Brad Pitt,,,,13.56%,,,,,,,Halle Berry,,6.47%,,,,,,,,,,,,,,
Christian Bale,,,,6.43%,,,,,,,Jennifer Lawrence,,,,,,,18.89%,,,,,,,,,
Elijah Wood,,,,,,28.00%,,,,,Julia Roberts,,,4.65%,,,,,,,,,,,,,
Johnny Depp,,,,,,15.86%,,,,,Julianne Moore,7.34%,,,,,,,,,,,,,,,
Leonardo DiCaprio,,7.28%,,,,,,,,,Natalie Portman,,,,,,,34.28%,,,,,,,,,
Matthew,,,,,,,,,,,,,,,,,,,,,,,,,,,
,,16.45%,,,,,,,,,,,,,,,,,,,,,,,,,
McConaughey,,,,,,,,,,,Penelope Cruz,,7.95%,,,,,,,,,,,,,,
"Robert Downey, Jr.",,,,,11.33%,,,,,,Sandra Bullock,,,,,,13.60%,,,,,,,,,,
,0M,500M,1000M,1500M,2000M,2500M,3000M,3500M,4000M,4500M,5000M,5500M,0M,200M,400M,600M,800M,1000M,1200M,1400M,1600M,1800M,2000M,2200M,2400M,2600M,2800M
,,,,,Revenues,,,,,,,,,,,,,,Revenues,,,,,,,,
,,,,Awards-Actor,,,,,,,,,,,,,Awards-Actress,,,,,,,,,,
Nominee,,,,,,,,,,,Nominee,,,,,,,,,,,,,,,,
Brad Pitt,,,,,,,,,,,Angelina Jolie,,,,,,,,,,,,,,,,
,,,,,,,,,,,Anne Hathaway,,,,,,,,,,,,,,,,
Christian Bale,,,,,,,,,,,,,,,,,,,,,,,,,,,
,,,,,,,,,,,Halle Berry,,,,,,,,,,,,,,,,
Elijah Wood,,,,,,,,,,,,,,,,,,,,,,,,,,,
,,,,,,,,,,,Jennifer Lawrence,,,,,,,,,,,,,,,,
Johnny Depp,,,,,,,,,,,Julia Roberts,,,,,,,,,,,,,,,,
,,,,,,,,,,,Julianne Moore,,,,,,,,,,,,,,,,
Leonardo DiCaprio,,,,,,,,,,,,,,,,,,,,,,,,,,,
,,,,,,,,,,,Natalie Portman,,,,,,,,,,,,,,,,
Matthew McConaughey,,,,,,,,,,,,,,,,,,,,,,,,,,,
,,,,,,,,,,,Penelope Cruz,,,,,,,,,,,,,,,,
"Robert Downey, Jr.",,,,,,,,,,,Sandra Bullock,,,,,,,,,,,,,,,,
